"Address","Content Type","Status Code","Status","Indexability","Indexability Status","Crawl Timestamp"
"https://www.onlinepokerwebsites.com/","text/html; charset=utf-8","200","OK","Non-Indexable","Canonicalised","2026-08-13 16:10:47"
"https://www.onlinepokerwebsites.com/_next/static/chunks/972-f708ded502b3627d.js?dpl=dpl_MzgMbZCtmwSCwn1jhfoWPreUJPEv","application/javascript; charset=utf-8","200","OK","Indexable","","2026-08-13 16:10:47"
"https://www.onlinepokerwebsites.com/_next/static/chunks/app/page-12534985cea52c48.js?dpl=dpl_MzgMbZCtmwSCwn1jhfoWPreUJPEv","application/javascript; charset=utf-8","200","OK","Indexable","","2026-08-13 16:10:47"
"https://www.onlinepokerwebsites.com/reviews/sportsbetting-ag/","text/html; charset=utf-8","200","OK","Non-Indexable","Canonicalised","2026-08-13 16:10:47"
"https://www.onlinepokerwebsites.com/news/poker-tournament-formats-explained-2026/","text/html; charset=utf-8","200","OK","Non-Indexable","Canonicalised","2026-08-13 16:10:47"
"https://www.onlinepokerwebsites.com/news/protecting-your-poker-account-security-2026/","text/html; charset=utf-8","200","OK","Non-Indexable","Canonicalised","2026-08-13 16:10:47"
"https://www.onlinepokerwebsites.com/guides/us-poker-legality/","text/html; charset=utf-8","200","OK","Non-Indexable","Canonicalised","2026-08-13 16:10:47"
"https://www.onlinepokerwebsites.com/_next/static/chunks/webpack-8658fdbc42bfbbae.js?dpl=dpl_MzgMbZCtmwSCwn1jhfoWPreUJPEv","application/javascript; charset=utf-8","200","OK","Indexable","","2026-08-13 16:10:48"
"https://www.onlinepokerwebsites.com/news/multi-tabling-online-poker-how-many-tables-2026/","text/html; charset=utf-8","200","OK","Non-Indexable","Canonicalised","2026-08-13 16:10:48"
"https://www.onlinepokerwebsites.com/_next/static/chunks/fd9d1056-aa94ea5c2eabf904.js?dpl=dpl_MzgMbZCtmwSCwn1jhfoWPreUJPEv","application/javascript; charset=utf-8","200","OK","Indexable","","2026-08-13 16:10:48"
"https://www.onlinepokerwebsites.com/guides/how-to-choose-a-poker-site/","text/html; charset=utf-8","200","OK","Non-Indexable","Canonicalised","2026-08-13 16:10:48"
"https://www.onlinepokerwebsites.com/_next/static/chunks/main-app-2dcde4753ea0d175.js?dpl=dpl_MzgMbZCtmwSCwn1jhfoWPreUJPEv","application/javascript; charset=utf-8","200","OK","Indexable","","2026-08-13 16:10:48"
"https://www.onlinepokerwebsites.com/guides/deposits-and-withdrawals/","text/html; charset=utf-8","200","OK","Non-Indexable","Canonicalised","2026-08-13 16:10:48"
"https://www.onlinepokerwebsites.com/about/","text/html; charset=utf-8","200","OK","Non-Indexable","Canonicalised","2026-08-13 16:10:48"
"https://www.onlinepokerwebsites.com/reviews/tigergaming/","text/html; charset=utf-8","200","OK","Non-Indexable","Canonicalised","2026-08-13 16:10:48"
"https://www.onlinepokerwebsites.com/reviews/black-chip-poker/","text/html; charset=utf-8","200","OK","Non-Indexable","Canonicalised","2026-08-13 16:10:48"
"https://www.onlinepokerwebsites.com/_next/static/css/ac9e642a8cc62d1d.css?dpl=dpl_MzgMbZCtmwSCwn1jhfoWPreUJPEv","text/css; charset=utf-8","200","OK","Indexable","","2026-08-13 16:10:48"
"https://www.onlinepokerwebsites.com/reviews/americas-cardroom/","text/html; charset=utf-8","200","OK","Non-Indexable","Canonicalised","2026-08-13 16:10:48"
"https://www.onlinepokerwebsites.com/news/","text/html; charset=utf-8","200","OK","Non-Indexable","Canonicalised","2026-08-13 16:10:48"
"https://www.onlinepokerwebsites.com/responsible-gambling/","text/html; charset=utf-8","200","OK","Non-Indexable","Canonicalised","2026-08-13 16:10:48"
"https://www.onlinepokerwebsites.com/guides/poker-bonuses-explained/","text/html; charset=utf-8","200","OK","Non-Indexable","Canonicalised","2026-08-13 16:10:48"
"https://www.onlinepokerwebsites.com/_next/static/chunks/117-56189b2c667f7b85.js?dpl=dpl_MzgMbZCtmwSCwn1jhfoWPreUJPEv","application/javascript; charset=utf-8","200","OK","Indexable","","2026-08-13 16:10:48"
"https://www.onlinepokerwebsites.com/guides/canada-online-poker/","text/html; charset=utf-8","200","OK","Non-Indexable","Canonicalised","2026-08-13 16:10:48"
"https://www.onlinepokerwebsites.com/_next/static/chunks/polyfills-42372ed130431b0a.js?dpl=dpl_MzgMbZCtmwSCwn1jhfoWPreUJPEv","application/javascript; charset=utf-8","200","OK","Indexable","","2026-08-13 16:10:48"
"https://www.onlinepokerwebsites.com/_next/static/chunks/app/responsible-gambling/page-d8f009734e881c88.js?dpl=dpl_MzgMbZCtmwSCwn1jhfoWPreUJPEv","application/javascript; charset=utf-8","200","OK","Indexable","","2026-08-13 16:10:49"
"https://www.onlinepokerwebsites.com/reviews/betonline-poker/","text/html; charset=utf-8","200","OK","Non-Indexable","Canonicalised","2026-08-13 16:10:48"
"https://www.onlinepokerwebsites.com/news/sportsbetting-ag-poker-crossover-2026/","text/html; charset=utf-8","200","OK","Non-Indexable","Canonicalised","2026-08-13 16:10:49"
"https://www.onlinepokerwebsites.com/news/stablecoins-poker-bankrolls-mainstream-2026/","text/html; charset=utf-8","200","OK","Non-Indexable","Canonicalised","2026-08-13 16:10:49"
"https://www.onlinepokerwebsites.com/news/acr-venom-2026-record-guarantees/","text/html; charset=utf-8","200","OK","Non-Indexable","Canonicalised","2026-08-13 16:10:49"
"https://www.onlinepokerwebsites.com/news/chico-vs-winning-poker-network-2026/","text/html; charset=utf-8","200","OK","Non-Indexable","Canonicalised","2026-08-13 16:10:49"
"https://www.onlinepokerwebsites.com/news/crypto-default-offshore-poker-2026/","text/html; charset=utf-8","200","OK","Non-Indexable","Canonicalised","2026-08-13 16:10:49"
"https://www.onlinepokerwebsites.com/news/online-poker-tournament-guarantees-new-highs-2026/","text/html; charset=utf-8","200","OK","Non-Indexable","Canonicalised","2026-08-13 16:10:49"
"https://www.onlinepokerwebsites.com/news/tigergaming-cash-game-room-spotlight-2026/","text/html; charset=utf-8","200","OK","Non-Indexable","Canonicalised","2026-08-13 16:10:49"
"https://www.onlinepokerwebsites.com/news/responsible-gambling-tools-improving-offshore-2026/","text/html; charset=utf-8","200","OK","Non-Indexable","Canonicalised","2026-08-13 16:10:49"
"https://www.onlinepokerwebsites.com/news/how-to-read-poker-welcome-bonus-2026/","text/html; charset=utf-8","200","OK","Non-Indexable","Canonicalised","2026-08-13 16:10:49"
"https://www.onlinepokerwebsites.com/news/solvers-gto-recreational-players-2026/","text/html; charset=utf-8","200","OK","Non-Indexable","Canonicalised","2026-08-13 16:10:49"
"https://www.onlinepokerwebsites.com/news/black-chip-poker-rewards-explained-2026/","text/html; charset=utf-8","200","OK","Non-Indexable","Canonicalised","2026-08-13 16:10:49"
"https://www.onlinepokerwebsites.com/news/ontario-regulated-poker-lessons-2026/","text/html; charset=utf-8","200","OK","Non-Indexable","Canonicalised","2026-08-13 16:10:49"
"https://www.onlinepokerwebsites.com/news/first-online-poker-site-beginner-roadmap-2026/","text/html; charset=utf-8","200","OK","Non-Indexable","Canonicalised","2026-08-13 16:10:49"
"https://www.onlinepokerwebsites.com/news/online-poker-bankroll-management-2026/","text/html; charset=utf-8","200","OK","Non-Indexable","Canonicalised","2026-08-13 16:10:49"
"https://www.onlinepokerwebsites.com/_next/static/chunks/app/news/page-0a62a8af3fa19ed4.js?dpl=dpl_MzgMbZCtmwSCwn1jhfoWPreUJPEv","application/javascript; charset=utf-8","200","OK","Indexable","","2026-08-13 16:10:50"
"https://www.onlinepokerwebsites.com/news/us-online-poker-2026-state-regulation-outlook/","text/html; charset=utf-8","200","OK","Non-Indexable","Canonicalised","2026-08-13 16:10:50"
"https://www.onlinepokerwebsites.com/_next/static/chunks/app/about/page-888d7454806a5e62.js?dpl=dpl_MzgMbZCtmwSCwn1jhfoWPreUJPEv","application/javascript; charset=utf-8","200","OK","Indexable","","2026-08-13 16:10:50"
"https://www.onlinepokerwebsites.com/_next/static/chunks/app/guides/%5Bslug%5D/page-09a0e14b40d3f146.js?dpl=dpl_MzgMbZCtmwSCwn1jhfoWPreUJPEv","application/javascript; charset=utf-8","200","OK","Indexable","","2026-08-13 16:10:50"
"https://www.onlinepokerwebsites.com/_next/static/chunks/app/news/%5Bslug%5D/page-fa3c60c67074b721.js?dpl=dpl_MzgMbZCtmwSCwn1jhfoWPreUJPEv","application/javascript; charset=utf-8","200","OK","Indexable","","2026-08-13 16:10:50"
"https://www.onlinepokerwebsites.com/news/vetting-offshore-poker-site-before-deposit-2026/","text/html; charset=utf-8","200","OK","Non-Indexable","Canonicalised","2026-08-13 16:10:50"
"https://www.onlinepokerwebsites.com/_next/static/chunks/app/reviews/%5Bslug%5D/page-3fc6197812b25fb3.js?dpl=dpl_MzgMbZCtmwSCwn1jhfoWPreUJPEv","application/javascript; charset=utf-8","200","OK","Indexable","","2026-08-13 16:10:50"
