"Address","Occurrences","Indexability","Indexability Status","Canonical Link Element 1","HTTP Canonical","Meta Robots 1","X-Robots-Tag 1","rel=""next"" 1","rel=""prev"" 1","HTTP rel=""next"" 1","HTTP rel=""prev"" 1"
"https://www.onlinepokerwebsites.com/","1","Non-Indexable","Canonicalised","https://onlinepokerwebsites.com/","","index, follow","","","","",""
"https://www.onlinepokerwebsites.com/guides/poker-bonuses-explained/","1","Non-Indexable","Canonicalised","https://onlinepokerwebsites.com/guides/poker-bonuses-explained/","","index, follow","","","","",""
"https://www.onlinepokerwebsites.com/responsible-gambling/","1","Non-Indexable","Canonicalised","https://onlinepokerwebsites.com/responsible-gambling/","","index, follow","","","","",""
"https://www.onlinepokerwebsites.com/guides/canada-online-poker/","1","Non-Indexable","Canonicalised","https://onlinepokerwebsites.com/guides/canada-online-poker/","","index, follow","","","","",""
"https://www.onlinepokerwebsites.com/reviews/betonline-poker/","1","Non-Indexable","Canonicalised","https://onlinepokerwebsites.com/reviews/betonline-poker/","","index, follow","","","","",""
"https://www.onlinepokerwebsites.com/news/","1","Non-Indexable","Canonicalised","https://onlinepokerwebsites.com/news/","","index, follow","","","","",""
"https://www.onlinepokerwebsites.com/reviews/americas-cardroom/","1","Non-Indexable","Canonicalised","https://onlinepokerwebsites.com/reviews/americas-cardroom/","","index, follow","","","","",""
"https://www.onlinepokerwebsites.com/reviews/tigergaming/","1","Non-Indexable","Canonicalised","https://onlinepokerwebsites.com/reviews/tigergaming/","","index, follow","","","","",""
"https://www.onlinepokerwebsites.com/reviews/black-chip-poker/","1","Non-Indexable","Canonicalised","https://onlinepokerwebsites.com/reviews/black-chip-poker/","","index, follow","","","","",""
"https://www.onlinepokerwebsites.com/guides/deposits-and-withdrawals/","1","Non-Indexable","Canonicalised","https://onlinepokerwebsites.com/guides/deposits-and-withdrawals/","","index, follow","","","","",""
"https://www.onlinepokerwebsites.com/guides/how-to-choose-a-poker-site/","1","Non-Indexable","Canonicalised","https://onlinepokerwebsites.com/guides/how-to-choose-a-poker-site/","","index, follow","","","","",""
"https://www.onlinepokerwebsites.com/about/","1","Non-Indexable","Canonicalised","https://onlinepokerwebsites.com/about/","","index, follow","","","","",""
"https://www.onlinepokerwebsites.com/news/multi-tabling-online-poker-how-many-tables-2026/","1","Non-Indexable","Canonicalised","https://onlinepokerwebsites.com/news/multi-tabling-online-poker-how-many-tables-2026/","","index, follow","","","","",""
"https://www.onlinepokerwebsites.com/guides/us-poker-legality/","1","Non-Indexable","Canonicalised","https://onlinepokerwebsites.com/guides/us-poker-legality/","","index, follow","","","","",""
"https://www.onlinepokerwebsites.com/news/poker-tournament-formats-explained-2026/","1","Non-Indexable","Canonicalised","https://onlinepokerwebsites.com/news/poker-tournament-formats-explained-2026/","","index, follow","","","","",""
"https://www.onlinepokerwebsites.com/news/protecting-your-poker-account-security-2026/","1","Non-Indexable","Canonicalised","https://onlinepokerwebsites.com/news/protecting-your-poker-account-security-2026/","","index, follow","","","","",""
"https://www.onlinepokerwebsites.com/reviews/sportsbetting-ag/","1","Non-Indexable","Canonicalised","https://onlinepokerwebsites.com/reviews/sportsbetting-ag/","","index, follow","","","","",""
"https://www.onlinepokerwebsites.com/news/us-online-poker-2026-state-regulation-outlook/","1","Non-Indexable","Canonicalised","https://onlinepokerwebsites.com/news/us-online-poker-2026-state-regulation-outlook/","","index, follow","","","","",""
"https://www.onlinepokerwebsites.com/news/online-poker-bankroll-management-2026/","1","Non-Indexable","Canonicalised","https://onlinepokerwebsites.com/news/online-poker-bankroll-management-2026/","","index, follow","","","","",""
"https://www.onlinepokerwebsites.com/news/first-online-poker-site-beginner-roadmap-2026/","1","Non-Indexable","Canonicalised","https://onlinepokerwebsites.com/news/first-online-poker-site-beginner-roadmap-2026/","","index, follow","","","","",""
"https://www.onlinepokerwebsites.com/news/ontario-regulated-poker-lessons-2026/","1","Non-Indexable","Canonicalised","https://onlinepokerwebsites.com/news/ontario-regulated-poker-lessons-2026/","","index, follow","","","","",""
"https://www.onlinepokerwebsites.com/news/vetting-offshore-poker-site-before-deposit-2026/","1","Non-Indexable","Canonicalised","https://onlinepokerwebsites.com/news/vetting-offshore-poker-site-before-deposit-2026/","","index, follow","","","","",""
"https://www.onlinepokerwebsites.com/news/black-chip-poker-rewards-explained-2026/","1","Non-Indexable","Canonicalised","https://onlinepokerwebsites.com/news/black-chip-poker-rewards-explained-2026/","","index, follow","","","","",""
"https://www.onlinepokerwebsites.com/news/solvers-gto-recreational-players-2026/","1","Non-Indexable","Canonicalised","https://onlinepokerwebsites.com/news/solvers-gto-recreational-players-2026/","","index, follow","","","","",""
"https://www.onlinepokerwebsites.com/news/how-to-read-poker-welcome-bonus-2026/","1","Non-Indexable","Canonicalised","https://onlinepokerwebsites.com/news/how-to-read-poker-welcome-bonus-2026/","","index, follow","","","","",""
"https://www.onlinepokerwebsites.com/news/responsible-gambling-tools-improving-offshore-2026/","1","Non-Indexable","Canonicalised","https://onlinepokerwebsites.com/news/responsible-gambling-tools-improving-offshore-2026/","","index, follow","","","","",""
"https://www.onlinepokerwebsites.com/news/online-poker-tournament-guarantees-new-highs-2026/","1","Non-Indexable","Canonicalised","https://onlinepokerwebsites.com/news/online-poker-tournament-guarantees-new-highs-2026/","","index, follow","","","","",""
"https://www.onlinepokerwebsites.com/news/tigergaming-cash-game-room-spotlight-2026/","1","Non-Indexable","Canonicalised","https://onlinepokerwebsites.com/news/tigergaming-cash-game-room-spotlight-2026/","","index, follow","","","","",""
"https://www.onlinepokerwebsites.com/news/chico-vs-winning-poker-network-2026/","1","Non-Indexable","Canonicalised","https://onlinepokerwebsites.com/news/chico-vs-winning-poker-network-2026/","","index, follow","","","","",""
"https://www.onlinepokerwebsites.com/news/acr-venom-2026-record-guarantees/","1","Non-Indexable","Canonicalised","https://onlinepokerwebsites.com/news/acr-venom-2026-record-guarantees/","","index, follow","","","","",""
"https://www.onlinepokerwebsites.com/news/sportsbetting-ag-poker-crossover-2026/","1","Non-Indexable","Canonicalised","https://onlinepokerwebsites.com/news/sportsbetting-ag-poker-crossover-2026/","","index, follow","","","","",""
"https://www.onlinepokerwebsites.com/news/stablecoins-poker-bankrolls-mainstream-2026/","1","Non-Indexable","Canonicalised","https://onlinepokerwebsites.com/news/stablecoins-poker-bankrolls-mainstream-2026/","","index, follow","","","","",""
"https://www.onlinepokerwebsites.com/news/crypto-default-offshore-poker-2026/","1","Non-Indexable","Canonicalised","https://onlinepokerwebsites.com/news/crypto-default-offshore-poker-2026/","","index, follow","","","","",""
