"Address","Status Code","Status"
"https://www.onlinepokerwebsites.com/","200","OK"
"https://www.onlinepokerwebsites.com/reviews/sportsbetting-ag/","200","OK"
"https://www.onlinepokerwebsites.com/news/poker-tournament-formats-explained-2026/","200","OK"
"https://www.onlinepokerwebsites.com/news/protecting-your-poker-account-security-2026/","200","OK"
"https://www.onlinepokerwebsites.com/guides/us-poker-legality/","200","OK"
"https://www.onlinepokerwebsites.com/news/multi-tabling-online-poker-how-many-tables-2026/","200","OK"
"https://www.onlinepokerwebsites.com/guides/how-to-choose-a-poker-site/","200","OK"
"https://www.onlinepokerwebsites.com/guides/deposits-and-withdrawals/","200","OK"
"https://www.onlinepokerwebsites.com/about/","200","OK"
"https://www.onlinepokerwebsites.com/reviews/tigergaming/","200","OK"
"https://www.onlinepokerwebsites.com/reviews/black-chip-poker/","200","OK"
"https://www.onlinepokerwebsites.com/reviews/americas-cardroom/","200","OK"
"https://www.onlinepokerwebsites.com/news/","200","OK"
"https://www.onlinepokerwebsites.com/responsible-gambling/","200","OK"
"https://www.onlinepokerwebsites.com/guides/poker-bonuses-explained/","200","OK"
"https://www.onlinepokerwebsites.com/guides/canada-online-poker/","200","OK"
"https://www.onlinepokerwebsites.com/reviews/betonline-poker/","200","OK"
"https://www.onlinepokerwebsites.com/news/sportsbetting-ag-poker-crossover-2026/","200","OK"
"https://www.onlinepokerwebsites.com/news/stablecoins-poker-bankrolls-mainstream-2026/","200","OK"
"https://www.onlinepokerwebsites.com/news/acr-venom-2026-record-guarantees/","200","OK"
"https://www.onlinepokerwebsites.com/news/chico-vs-winning-poker-network-2026/","200","OK"
"https://www.onlinepokerwebsites.com/news/crypto-default-offshore-poker-2026/","200","OK"
"https://www.onlinepokerwebsites.com/news/online-poker-tournament-guarantees-new-highs-2026/","200","OK"
"https://www.onlinepokerwebsites.com/news/tigergaming-cash-game-room-spotlight-2026/","200","OK"
"https://www.onlinepokerwebsites.com/news/responsible-gambling-tools-improving-offshore-2026/","200","OK"
"https://www.onlinepokerwebsites.com/news/how-to-read-poker-welcome-bonus-2026/","200","OK"
"https://www.onlinepokerwebsites.com/news/solvers-gto-recreational-players-2026/","200","OK"
"https://www.onlinepokerwebsites.com/news/black-chip-poker-rewards-explained-2026/","200","OK"
"https://www.onlinepokerwebsites.com/news/ontario-regulated-poker-lessons-2026/","200","OK"
"https://www.onlinepokerwebsites.com/news/first-online-poker-site-beginner-roadmap-2026/","200","OK"
"https://www.onlinepokerwebsites.com/news/online-poker-bankroll-management-2026/","200","OK"
"https://www.onlinepokerwebsites.com/news/us-online-poker-2026-state-regulation-outlook/","200","OK"
"https://www.onlinepokerwebsites.com/news/vetting-offshore-poker-site-before-deposit-2026/","200","OK"
