"Address","Occurrences","Meta Robots 1","Meta Robots 2","X-Robots-Tag 1","Meta Refresh 1","Canonical Link Element 1","HTTP Canonical","Indexability","Indexability Status"
"https://www.onlinepokerwebsites.com/","2","index, follow","index, follow, max-image-preview:large","","","https://onlinepokerwebsites.com/","","Non-Indexable","Canonicalised"
"https://www.onlinepokerwebsites.com/reviews/sportsbetting-ag/","2","index, follow","index, follow, max-image-preview:large","","","https://onlinepokerwebsites.com/reviews/sportsbetting-ag/","","Non-Indexable","Canonicalised"
"https://www.onlinepokerwebsites.com/news/poker-tournament-formats-explained-2026/","2","index, follow","index, follow, max-image-preview:large","","","https://onlinepokerwebsites.com/news/poker-tournament-formats-explained-2026/","","Non-Indexable","Canonicalised"
"https://www.onlinepokerwebsites.com/news/protecting-your-poker-account-security-2026/","2","index, follow","index, follow, max-image-preview:large","","","https://onlinepokerwebsites.com/news/protecting-your-poker-account-security-2026/","","Non-Indexable","Canonicalised"
"https://www.onlinepokerwebsites.com/guides/us-poker-legality/","2","index, follow","index, follow, max-image-preview:large","","","https://onlinepokerwebsites.com/guides/us-poker-legality/","","Non-Indexable","Canonicalised"
"https://www.onlinepokerwebsites.com/news/multi-tabling-online-poker-how-many-tables-2026/","2","index, follow","index, follow, max-image-preview:large","","","https://onlinepokerwebsites.com/news/multi-tabling-online-poker-how-many-tables-2026/","","Non-Indexable","Canonicalised"
"https://www.onlinepokerwebsites.com/guides/how-to-choose-a-poker-site/","2","index, follow","index, follow, max-image-preview:large","","","https://onlinepokerwebsites.com/guides/how-to-choose-a-poker-site/","","Non-Indexable","Canonicalised"
"https://www.onlinepokerwebsites.com/guides/deposits-and-withdrawals/","2","index, follow","index, follow, max-image-preview:large","","","https://onlinepokerwebsites.com/guides/deposits-and-withdrawals/","","Non-Indexable","Canonicalised"
"https://www.onlinepokerwebsites.com/about/","2","index, follow","index, follow, max-image-preview:large","","","https://onlinepokerwebsites.com/about/","","Non-Indexable","Canonicalised"
"https://www.onlinepokerwebsites.com/reviews/tigergaming/","2","index, follow","index, follow, max-image-preview:large","","","https://onlinepokerwebsites.com/reviews/tigergaming/","","Non-Indexable","Canonicalised"
"https://www.onlinepokerwebsites.com/reviews/black-chip-poker/","2","index, follow","index, follow, max-image-preview:large","","","https://onlinepokerwebsites.com/reviews/black-chip-poker/","","Non-Indexable","Canonicalised"
"https://www.onlinepokerwebsites.com/reviews/americas-cardroom/","2","index, follow","index, follow, max-image-preview:large","","","https://onlinepokerwebsites.com/reviews/americas-cardroom/","","Non-Indexable","Canonicalised"
"https://www.onlinepokerwebsites.com/news/","2","index, follow","index, follow, max-image-preview:large","","","https://onlinepokerwebsites.com/news/","","Non-Indexable","Canonicalised"
"https://www.onlinepokerwebsites.com/responsible-gambling/","2","index, follow","index, follow, max-image-preview:large","","","https://onlinepokerwebsites.com/responsible-gambling/","","Non-Indexable","Canonicalised"
"https://www.onlinepokerwebsites.com/guides/poker-bonuses-explained/","2","index, follow","index, follow, max-image-preview:large","","","https://onlinepokerwebsites.com/guides/poker-bonuses-explained/","","Non-Indexable","Canonicalised"
"https://www.onlinepokerwebsites.com/guides/canada-online-poker/","2","index, follow","index, follow, max-image-preview:large","","","https://onlinepokerwebsites.com/guides/canada-online-poker/","","Non-Indexable","Canonicalised"
"https://www.onlinepokerwebsites.com/reviews/betonline-poker/","2","index, follow","index, follow, max-image-preview:large","","","https://onlinepokerwebsites.com/reviews/betonline-poker/","","Non-Indexable","Canonicalised"
"https://www.onlinepokerwebsites.com/news/sportsbetting-ag-poker-crossover-2026/","2","index, follow","index, follow, max-image-preview:large","","","https://onlinepokerwebsites.com/news/sportsbetting-ag-poker-crossover-2026/","","Non-Indexable","Canonicalised"
"https://www.onlinepokerwebsites.com/news/stablecoins-poker-bankrolls-mainstream-2026/","2","index, follow","index, follow, max-image-preview:large","","","https://onlinepokerwebsites.com/news/stablecoins-poker-bankrolls-mainstream-2026/","","Non-Indexable","Canonicalised"
"https://www.onlinepokerwebsites.com/news/acr-venom-2026-record-guarantees/","2","index, follow","index, follow, max-image-preview:large","","","https://onlinepokerwebsites.com/news/acr-venom-2026-record-guarantees/","","Non-Indexable","Canonicalised"
"https://www.onlinepokerwebsites.com/news/chico-vs-winning-poker-network-2026/","2","index, follow","index, follow, max-image-preview:large","","","https://onlinepokerwebsites.com/news/chico-vs-winning-poker-network-2026/","","Non-Indexable","Canonicalised"
"https://www.onlinepokerwebsites.com/news/crypto-default-offshore-poker-2026/","2","index, follow","index, follow, max-image-preview:large","","","https://onlinepokerwebsites.com/news/crypto-default-offshore-poker-2026/","","Non-Indexable","Canonicalised"
"https://www.onlinepokerwebsites.com/news/online-poker-tournament-guarantees-new-highs-2026/","2","index, follow","index, follow, max-image-preview:large","","","https://onlinepokerwebsites.com/news/online-poker-tournament-guarantees-new-highs-2026/","","Non-Indexable","Canonicalised"
"https://www.onlinepokerwebsites.com/news/tigergaming-cash-game-room-spotlight-2026/","2","index, follow","index, follow, max-image-preview:large","","","https://onlinepokerwebsites.com/news/tigergaming-cash-game-room-spotlight-2026/","","Non-Indexable","Canonicalised"
"https://www.onlinepokerwebsites.com/news/responsible-gambling-tools-improving-offshore-2026/","2","index, follow","index, follow, max-image-preview:large","","","https://onlinepokerwebsites.com/news/responsible-gambling-tools-improving-offshore-2026/","","Non-Indexable","Canonicalised"
"https://www.onlinepokerwebsites.com/news/how-to-read-poker-welcome-bonus-2026/","2","index, follow","index, follow, max-image-preview:large","","","https://onlinepokerwebsites.com/news/how-to-read-poker-welcome-bonus-2026/","","Non-Indexable","Canonicalised"
"https://www.onlinepokerwebsites.com/news/solvers-gto-recreational-players-2026/","2","index, follow","index, follow, max-image-preview:large","","","https://onlinepokerwebsites.com/news/solvers-gto-recreational-players-2026/","","Non-Indexable","Canonicalised"
"https://www.onlinepokerwebsites.com/news/black-chip-poker-rewards-explained-2026/","2","index, follow","index, follow, max-image-preview:large","","","https://onlinepokerwebsites.com/news/black-chip-poker-rewards-explained-2026/","","Non-Indexable","Canonicalised"
"https://www.onlinepokerwebsites.com/news/ontario-regulated-poker-lessons-2026/","2","index, follow","index, follow, max-image-preview:large","","","https://onlinepokerwebsites.com/news/ontario-regulated-poker-lessons-2026/","","Non-Indexable","Canonicalised"
"https://www.onlinepokerwebsites.com/news/first-online-poker-site-beginner-roadmap-2026/","2","index, follow","index, follow, max-image-preview:large","","","https://onlinepokerwebsites.com/news/first-online-poker-site-beginner-roadmap-2026/","","Non-Indexable","Canonicalised"
"https://www.onlinepokerwebsites.com/news/online-poker-bankroll-management-2026/","2","index, follow","index, follow, max-image-preview:large","","","https://onlinepokerwebsites.com/news/online-poker-bankroll-management-2026/","","Non-Indexable","Canonicalised"
"https://www.onlinepokerwebsites.com/news/us-online-poker-2026-state-regulation-outlook/","2","index, follow","index, follow, max-image-preview:large","","","https://onlinepokerwebsites.com/news/us-online-poker-2026-state-regulation-outlook/","","Non-Indexable","Canonicalised"
"https://www.onlinepokerwebsites.com/news/vetting-offshore-poker-site-before-deposit-2026/","2","index, follow","index, follow, max-image-preview:large","","","https://onlinepokerwebsites.com/news/vetting-offshore-poker-site-before-deposit-2026/","","Non-Indexable","Canonicalised"
