"Address","Occurrences","H1-1","H1-1 Length","Indexability","Indexability Status"
"https://www.onlinepokerwebsites.com/","1","The Best Online Poker Sites for US & Canada","43","Non-Indexable","Canonicalised"
"https://www.onlinepokerwebsites.com/reviews/sportsbetting-ag/","1","SportsBetting.ag Review","23","Non-Indexable","Canonicalised"
"https://www.onlinepokerwebsites.com/news/poker-tournament-formats-explained-2026/","1","Poker Tournament Formats Explained: Freezeouts, Rebuys, Bounties and More","73","Non-Indexable","Canonicalised"
"https://www.onlinepokerwebsites.com/news/protecting-your-poker-account-security-2026/","1","Protecting Your Online Poker Account: Security Habits Every Player Needs","72","Non-Indexable","Canonicalised"
"https://www.onlinepokerwebsites.com/guides/us-poker-legality/","1","US Online Poker Legality Explained","34","Non-Indexable","Canonicalised"
"https://www.onlinepokerwebsites.com/news/multi-tabling-online-poker-how-many-tables-2026/","1","Multi-Tabling Online Poker in 2026: How Many Tables Should You Really Play?","75","Non-Indexable","Canonicalised"
"https://www.onlinepokerwebsites.com/guides/how-to-choose-a-poker-site/","1","How to Choose an Online Poker Site","34","Non-Indexable","Canonicalised"
"https://www.onlinepokerwebsites.com/guides/deposits-and-withdrawals/","1","Deposits & Withdrawals at Online Poker Sites","44","Non-Indexable","Canonicalised"
"https://www.onlinepokerwebsites.com/about/","1","About Online Poker Websites","27","Non-Indexable","Canonicalised"
"https://www.onlinepokerwebsites.com/reviews/tigergaming/","1","TigerGaming Review","18","Non-Indexable","Canonicalised"
"https://www.onlinepokerwebsites.com/reviews/black-chip-poker/","1","Black Chip Poker Review","23","Non-Indexable","Canonicalised"
"https://www.onlinepokerwebsites.com/reviews/americas-cardroom/","1","Americas Cardroom Review","24","Non-Indexable","Canonicalised"
"https://www.onlinepokerwebsites.com/news/","1","Online poker news for US & Canada","33","Non-Indexable","Canonicalised"
"https://www.onlinepokerwebsites.com/responsible-gambling/","1","Responsible Gambling","20","Non-Indexable","Canonicalised"
"https://www.onlinepokerwebsites.com/guides/poker-bonuses-explained/","1","Poker Bonuses Explained","23","Non-Indexable","Canonicalised"
"https://www.onlinepokerwebsites.com/guides/canada-online-poker/","1","Online Poker in Canada","22","Non-Indexable","Canonicalised"
"https://www.onlinepokerwebsites.com/reviews/betonline-poker/","1","BetOnline Poker Review","22","Non-Indexable","Canonicalised"
"https://www.onlinepokerwebsites.com/news/sportsbetting-ag-poker-crossover-2026/","1","SportsBetting.ag for Poker Players: The Sportsbook-First Room, Reviewed","71","Non-Indexable","Canonicalised"
"https://www.onlinepokerwebsites.com/news/stablecoins-poker-bankrolls-mainstream-2026/","1","Stablecoins and Poker Bankrolls: USDC and USDT Go Mainstream","60","Non-Indexable","Canonicalised"
"https://www.onlinepokerwebsites.com/news/acr-venom-2026-record-guarantees/","1","ACR's Venom Series Returns Bigger in 2026: What Record Guarantees Mean for US Players","85","Non-Indexable","Canonicalised"
"https://www.onlinepokerwebsites.com/news/chico-vs-winning-poker-network-2026/","1","Chico Network vs. Winning Poker Network: Where Should You Play in 2026?","71","Non-Indexable","Canonicalised"
"https://www.onlinepokerwebsites.com/news/crypto-default-offshore-poker-2026/","1","Crypto Is Now the Default at Offshore Poker Sites — Here's Why It Matters","73","Non-Indexable","Canonicalised"
"https://www.onlinepokerwebsites.com/news/online-poker-tournament-guarantees-new-highs-2026/","1","Online Poker Tournament Guarantees Hit New Highs in 2026","56","Non-Indexable","Canonicalised"
"https://www.onlinepokerwebsites.com/news/tigergaming-cash-game-room-spotlight-2026/","1","TigerGaming in 2026: The Underrated Chico Room for Cash-Game Grinders","69","Non-Indexable","Canonicalised"
"https://www.onlinepokerwebsites.com/news/responsible-gambling-tools-improving-offshore-2026/","1","Responsible Gambling Tools Are Getting Better at Offshore Rooms","63","Non-Indexable","Canonicalised"
"https://www.onlinepokerwebsites.com/news/how-to-read-poker-welcome-bonus-2026/","1","How to Read a Poker Welcome Bonus Before You Deposit","52","Non-Indexable","Canonicalised"
"https://www.onlinepokerwebsites.com/news/solvers-gto-recreational-players-2026/","1","Solvers, GTO and the Modern Online Grind: What It Means for Recreational Players","80","Non-Indexable","Canonicalised"
"https://www.onlinepokerwebsites.com/news/black-chip-poker-rewards-explained-2026/","1","Black Chip Poker's Rewards, Explained: Rakeback, Tiers and Who Benefits","71","Non-Indexable","Canonicalised"
"https://www.onlinepokerwebsites.com/news/ontario-regulated-poker-lessons-2026/","1","Ontario's Regulated Market Two Years On: Lessons for Canadian Poker Players","75","Non-Indexable","Canonicalised"
"https://www.onlinepokerwebsites.com/news/first-online-poker-site-beginner-roadmap-2026/","1","Choosing Your First Online Poker Site: A Beginner's Roadmap for 2026","68","Non-Indexable","Canonicalised"
"https://www.onlinepokerwebsites.com/news/online-poker-bankroll-management-2026/","1","Bankroll Management for Online Poker: How Much You Really Need in 2026","70","Non-Indexable","Canonicalised"
"https://www.onlinepokerwebsites.com/news/us-online-poker-2026-state-regulation-outlook/","1","US Online Poker in 2026: Which States Are Moving Toward Regulation","66","Non-Indexable","Canonicalised"
"https://www.onlinepokerwebsites.com/news/vetting-offshore-poker-site-before-deposit-2026/","1","How to Vet an Offshore Poker Site Before You Deposit","52","Non-Indexable","Canonicalised"
