"Address","Content Type","Status Code","Status","Indexability","Indexability Status","Title 1","Title 1 Length","Title 1 Pixel Width","Meta Description 1","Meta Description 1 Length","Meta Description 1 Pixel Width","Meta Keywords 1","Meta Keywords 1 Length","H1-1","H1-1 Length","H2-1","H2-1 Length","H2-2","H2-2 Length","Meta Robots 1","Meta Robots 2","X-Robots-Tag 1","Meta Refresh 1","Canonical Link Element 1","rel=""next"" 1","rel=""prev"" 1","HTTP rel=""next"" 1","HTTP rel=""prev"" 1","amphtml Link Element","Size (Bytes)","Transferred (Bytes)","Total Transferred (Bytes)","CO2 (mg)","Carbon Rating","Word Count","Sentence Count","Average Words Per Sentence","Flesch Reading Ease Score","Readability","Text Ratio","Crawl Depth","Folder Depth","Link Score","Inlinks","Unique Inlinks","Unique JS Inlinks","% of Total","Outlinks","Unique Outlinks","Unique JS Outlinks","External Outlinks","Unique External Outlinks","Unique External JS Outlinks","Closest Near Duplicate Match","No. Near Duplicates","Spelling Errors","Grammar Errors","Hash","Response Time","Last Modified","Redirect URL","Redirect Type","Cookies","Language","HTTP Version","Mobile Alternate Link","Closest Semantically Similar Address","Semantic Similarity Score","No. Semantically Similar","Semantic Relevance Score","URL Encoded Address","Crawl Timestamp"
"https://www.onlinepokerwebsites.com/","text/html; charset=utf-8","200","OK","Non-Indexable","Canonicalised","Best Online Poker Sites 2026 — Expert Reviews & Rankings","56","523","Compare the best online poker sites for US and Canadian players in 2026. Independent reviews of Americas Cardroom, BetOnline, Black Chip Poker, TigerGaming & SportsBetting.ag — bonuses, traffic, banking and safety.","214","1352","online poker sites,best poker sites,US poker sites,Canada poker sites,real money poker,poker site reviews,poker bonuses,Americas Cardroom,BetOnline poker","153","The Best Online Poker Sites for US & Canada","43","Top 5 online poker sites right now","34","Compare the top poker sites","27","index, follow","index, follow, max-image-preview:large","","","https://onlinepokerwebsites.com/","","","","","","176444","18693","18693","2,770","","1040","204","5,098","80,617","Easy","4,092","0","0","","209","33","0","100,000","62","22","0","0","0","0","","","","","351532115532a1921dda557394cbb952","0,212","Tue, 11 Aug 2026 09:08:04 GMT","","","","en","1.1","","","","","","https://www.onlinepokerwebsites.com/","2026-08-13 16:10:47"
"https://www.onlinepokerwebsites.com/reviews/sportsbetting-ag/","text/html; charset=utf-8","200","OK","Non-Indexable","Canonicalised","SportsBetting.ag Review 2026 — 100% up to $1,000 Bonus | Online Poker Websites","78","732","SportsBetting.ag review: BetOnline's sister room — same pool, same fast crypto banking. Bonus, banking, traffic, safety and a full verdict for US & Canadian players. Rated 4.3/5.","178","1088","online poker sites,best poker sites,US poker sites,Canada poker sites,real money poker,poker site reviews,poker bonuses,Americas Cardroom,BetOnline poker","153","SportsBetting.ag Review","23","Overview","8","Key facts","9","index, follow","index, follow, max-image-preview:large","","","https://onlinepokerwebsites.com/reviews/sportsbetting-ag/","","","","","","91044","15395","15395","2,282","","848","165","5,139","69,431","Normal","7,137","1","2","","46","33","0","100,000","37","15","0","0","0","0","","","","","a7a931d27a499472ca0fb282480e1a86","0,302","Thu, 13 Aug 2026 13:10:48 GMT","","","","en","1.1","","","","","","https://www.onlinepokerwebsites.com/reviews/sportsbetting-ag/","2026-08-13 16:10:47"
"https://www.onlinepokerwebsites.com/news/poker-tournament-formats-explained-2026/","text/html; charset=utf-8","200","OK","Non-Indexable","Canonicalised","Poker Tournament Formats Explained (2026): A Player's Guide | Online Poker Websites","83","772","Freezeout, rebuy, bounty, mystery bounty, turbo, PKO — online poker tournament formats decoded, so US and Canadian players can pick the right events in 2026.","157","993","online poker sites,best poker sites,US poker sites,Canada poker sites,real money poker,poker site reviews,poker bonuses,Americas Cardroom,BetOnline poker","153","Poker Tournament Formats Explained: Freezeouts, Rebuys, Bounties and More","73","Freezeouts: the classic format","30","Rebuys and re-entries: paying to stay in","40","index, follow","index, follow, max-image-preview:large","","","https://onlinepokerwebsites.com/news/poker-tournament-formats-explained-2026/","","","","","","60959","12074","12074","1,789","","1293","173","7,474","69,306","Normal","15,275","1","2","","21","21","0","63,640","41","19","0","0","0","0","","","","","e78d49380ed47864a9d2dbf3e4f4c8f6","0,340","Thu, 13 Aug 2026 13:10:48 GMT","","","","en","1.1","","","","","","https://www.onlinepokerwebsites.com/news/poker-tournament-formats-explained-2026/","2026-08-13 16:10:47"
"https://www.onlinepokerwebsites.com/news/protecting-your-poker-account-security-2026/","text/html; charset=utf-8","200","OK","Non-Indexable","Canonicalised","Online Poker Account Security 2026: Protect Your Funds | Online Poker Websites","78","716","At offshore rooms your account security is on you. Here's a practical 2026 checklist — passwords, 2FA, crypto wallet hygiene and scam-spotting — to protect your funds.","167","1039","online poker sites,best poker sites,US poker sites,Canada poker sites,real money poker,poker site reviews,poker bonuses,Americas Cardroom,BetOnline poker","153","Protecting Your Online Poker Account: Security Habits Every Player Needs","72","Start with a strong, unique password","36","Turn on two-factor authentication everywhere","44","index, follow","index, follow, max-image-preview:large","","","https://onlinepokerwebsites.com/news/protecting-your-poker-account-security-2026/","","","","","","62381","12286","12286","1,821","","1360","166","8,193","62,599","Normal","15,605","1","2","","21","21","0","63,640","42","19","0","0","0","0","","","","","934eab0e1745cae828538bfb6d2de3bc","0,366","Thu, 13 Aug 2026 13:10:48 GMT","","","","en","1.1","","","","","","https://www.onlinepokerwebsites.com/news/protecting-your-poker-account-security-2026/","2026-08-13 16:10:47"
"https://www.onlinepokerwebsites.com/guides/us-poker-legality/","text/html; charset=utf-8","200","OK","Non-Indexable","Canonicalised","Is Online Poker Legal in the US? State-by-State (2026) | Online Poker Websites","78","695","A plain-English guide to US online poker law in 2026: regulated states, the offshore option, what federal law actually says, and what it all means for players. Not legal advice.","177","1057","online poker sites,best poker sites,US poker sites,Canada poker sites,real money poker,poker site reviews,poker bonuses,Americas Cardroom,BetOnline poker","153","US Online Poker Legality Explained","34","Federal vs. state law","21","States with regulated online poker","34","index, follow","index, follow, max-image-preview:large","","","https://onlinepokerwebsites.com/guides/us-poker-legality/","","","","","","57157","9827","9827","1,456","","682","97","7,031","60,270","Normal","9,727","1","2","","111","33","0","100,000","38","15","0","0","0","0","","","","","9fc4bd22709f38273caf3284eeec6f6","0,307","Thu, 13 Aug 2026 13:10:48 GMT","","","","en","1.1","","","","","","https://www.onlinepokerwebsites.com/guides/us-poker-legality/","2026-08-13 16:10:47"
"https://www.onlinepokerwebsites.com/news/multi-tabling-online-poker-how-many-tables-2026/","text/html; charset=utf-8","200","OK","Non-Indexable","Canonicalised","Multi-Tabling Poker 2026: How Many Tables Should You Play? | Online Poker Websites","82","765","Playing more tables can multiply your volume and rewards — or your mistakes. Here's how to find your right number of tables for US-facing online poker in 2026.","159","984","online poker sites,best poker sites,US poker sites,Canada poker sites,real money poker,poker site reviews,poker bonuses,Americas Cardroom,BetOnline poker","153","Multi-Tabling Online Poker in 2026: How Many Tables Should You Really Play?","75","Why players multi-table in the first place","42","The win-rate-versus-volume trade-off","36","index, follow","index, follow, max-image-preview:large","","","https://onlinepokerwebsites.com/news/multi-tabling-online-poker-how-many-tables-2026/","","","","","","61889","12109","12109","1,795","","1408","178","7,910","73,649","Fairly Easy","15,625","1","2","","21","21","0","63,640","41","19","0","0","0","0","","","","","c7342f561f382615ce2c4753401b680e","0,360","Thu, 13 Aug 2026 13:10:48 GMT","","","","en","1.1","","","","","","https://www.onlinepokerwebsites.com/news/multi-tabling-online-poker-how-many-tables-2026/","2026-08-13 16:10:48"
"https://www.onlinepokerwebsites.com/guides/how-to-choose-a-poker-site/","text/html; charset=utf-8","200","OK","Non-Indexable","Canonicalised","How to Choose an Online Poker Site (2026 Guide) | Online Poker Websites","71","658","The 9 factors that actually matter when picking an online poker site — traffic, safety, bonuses, banking, rake and more. A practical guide for US and Canadian players.","167","1017","online poker sites,best poker sites,US poker sites,Canada poker sites,real money poker,poker site reviews,poker bonuses,Americas Cardroom,BetOnline poker","153","How to Choose an Online Poker Site","34","1. Player traffic and game selection","36","2. Safety, licensing and reputation","35","index, follow","index, follow, max-image-preview:large","","","https://onlinepokerwebsites.com/guides/how-to-choose-a-poker-site/","","","","","","59149","10754","10754","1,594","","781","121","6,455","73,221","Fairly Easy","10,472","1","2","","63","33","0","100,000","42","15","0","0","0","0","","","","","9544261a1a4ebd04fa13ca55b60e0daa","0,260","Thu, 13 Aug 2026 13:10:48 GMT","","","","en","1.1","","","","","","https://www.onlinepokerwebsites.com/guides/how-to-choose-a-poker-site/","2026-08-13 16:10:48"
"https://onlinepokerwebsites.com/","text/html","308","Permanent Redirect","Non-Indexable","Redirected","","0","0","","0","0","","0","","0","","0","","0","","","","","","","","","","","0","0","0","0,000","","0","","","","","0,000","1","0","","0","0","0","0,000","0","0","0","0","0","0","","","","","","0,154","","https://www.onlinepokerwebsites.com/","HTTP Redirect","","","1.1","","","","","","https://onlinepokerwebsites.com/","2026-08-13 16:10:48"
"https://www.onlinepokerwebsites.com/guides/deposits-and-withdrawals/","text/html; charset=utf-8","200","OK","Non-Indexable","Canonicalised","Poker Site Deposits & Withdrawals: Crypto, Cards & Payout Speeds | Online Poker Websites","88","809","The fastest, cheapest ways to deposit and cash out at online poker sites — cryptocurrency, cards and vouchers — plus payout speeds, fees and security tips for US & Canadian players.","181","1125","online poker sites,best poker sites,US poker sites,Canada poker sites,real money poker,poker site reviews,poker bonuses,Americas Cardroom,BetOnline poker","153","Deposits & Withdrawals at Online Poker Sites","44","Cryptocurrency: the default option","34","How to use crypto if you're new to it","37","index, follow","index, follow, max-image-preview:large","","","https://onlinepokerwebsites.com/guides/deposits-and-withdrawals/","","","","","","56001","9724","9724","1,441","","584","83","7,036","74,677","Fairly Easy","8,668","1","2","","118","33","0","100,000","38","15","0","0","0","0","","","","","dab528f80f1f4e3e06b9b8518621b3d4","0,259","Thu, 13 Aug 2026 13:10:48 GMT","","","","en","1.1","","","","","","https://www.onlinepokerwebsites.com/guides/deposits-and-withdrawals/","2026-08-13 16:10:48"
"https://www.onlinepokerwebsites.com/about/","text/html; charset=utf-8","200","OK","Non-Indexable","Canonicalised","About & Review Methodology | Online Poker Websites","50","476","How Online Poker Websites reviews and ranks poker sites for US and Canadian players — our methodology, editorial independence and advertiser disclosure.","152","963","online poker sites,best poker sites,US poker sites,Canada poker sites,real money poker,poker site reviews,poker bonuses,Americas Cardroom,BetOnline poker","153","About Online Poker Websites","27","What we do","10","How we rank poker sites","23","index, follow","index, follow, max-image-preview:large","","","https://onlinepokerwebsites.com/about/","","","","","","35663","6931","6931","1,027","","366","50","7,320","68,345","Normal","9,288","1","1","","34","33","0","100,000","31","14","0","0","0","0","","","","","428da541311c0bd5aae2b7a0a4f1336f","0,186","Thu, 13 Aug 2026 13:10:48 GMT","","","","en","1.1","","","","","","https://www.onlinepokerwebsites.com/about/","2026-08-13 16:10:48"
"https://www.onlinepokerwebsites.com/reviews/tigergaming/","text/html; charset=utf-8","200","OK","Non-Indexable","Canonicalised","TigerGaming Review 2026 — 100% up to $1,000 Bonus | Online Poker Websites","73","699","TigerGaming review: A Chico room with a clear, tiered rakeback ladder for regulars. Bonus, banking, traffic, safety and a full verdict for US & Canadian players. Rated 4.1/5.","174","1050","online poker sites,best poker sites,US poker sites,Canada poker sites,real money poker,poker site reviews,poker bonuses,Americas Cardroom,BetOnline poker","153","TigerGaming Review","18","Overview","8","Key facts","9","index, follow","index, follow, max-image-preview:large","","","https://onlinepokerwebsites.com/reviews/tigergaming/","","","","","","90613","15195","15195","2,252","","854","154","5,545","69,353","Normal","7,133","1","2","","44","33","0","100,000","37","15","0","0","0","0","","","","","29adddc9683afcd48fa97a37a5214693","0,323","Thu, 13 Aug 2026 13:10:48 GMT","","","","en","1.1","","","","","","https://www.onlinepokerwebsites.com/reviews/tigergaming/","2026-08-13 16:10:48"
"https://www.onlinepokerwebsites.com/reviews/black-chip-poker/","text/html; charset=utf-8","200","OK","Non-Indexable","Canonicalised","Black Chip Poker Review 2026 — 100% up to $2,000 Bonus | Online Poker Websites","78","733","Black Chip Poker review: A WPN room with rich promotions and one of the biggest weekly schedules. Bonus, banking, traffic, safety and a full verdict for US & Canadian players. Rated 4.4/5.","188","1160","online poker sites,best poker sites,US poker sites,Canada poker sites,real money poker,poker site reviews,poker bonuses,Americas Cardroom,BetOnline poker","153","Black Chip Poker Review","23","Overview","8","Key facts","9","index, follow","index, follow, max-image-preview:large","","","https://onlinepokerwebsites.com/reviews/black-chip-poker/","","","","","","91091","15376","15376","2,279","","885","155","5,710","76,482","Fairly Easy","7,145","1","2","","46","33","0","100,000","37","15","0","0","0","0","","","","","42c7f351d187e27487f5045fd0a34df0","0,245","Thu, 13 Aug 2026 13:10:48 GMT","","","","en","1.1","","","","","","https://www.onlinepokerwebsites.com/reviews/black-chip-poker/","2026-08-13 16:10:48"
"https://www.onlinepokerwebsites.com/reviews/americas-cardroom/","text/html; charset=utf-8","200","OK","Non-Indexable","Canonicalised","Americas Cardroom Review 2026 — 100% up to $2,000 Bonus | Online Poker Websites","79","762","Americas Cardroom review: The biggest US-facing poker room and home of the Venom. Bonus, banking, traffic, safety and a full verdict for US & Canadian players. Rated 4.7/5.","172","1079","online poker sites,best poker sites,US poker sites,Canada poker sites,real money poker,poker site reviews,poker bonuses,Americas Cardroom,BetOnline poker","153","Americas Cardroom Review","24","Overview","8","Key facts","9","index, follow","index, follow, max-image-preview:large","","","https://onlinepokerwebsites.com/reviews/americas-cardroom/","","","","","","92477","16275","16275","2,412","","964","164","5,878","69,318","Normal","7,728","1","2","","77","33","0","100,000","37","15","0","0","0","0","","","","","8530ab746157ddc7e5e83e718a348b73","0,241","Thu, 13 Aug 2026 13:10:49 GMT","","","","en","1.1","","","","","","https://www.onlinepokerwebsites.com/reviews/americas-cardroom/","2026-08-13 16:10:48"
"https://www.onlinepokerwebsites.com/news/","text/html; charset=utf-8","200","OK","Non-Indexable","Canonicalised","Poker News — US & Canada Online Poker Updates | Online Poker Websites","69","663","The latest online poker news, analysis and updates for US and Canadian players — operators, tournaments, crypto banking, legality and bonuses. Updated regularly.","161","1010","online poker sites,best poker sites,US poker sites,Canada poker sites,real money poker,poker site reviews,poker bonuses,Americas Cardroom,BetOnline poker","153","Online poker news for US & Canada","33","Protecting Your Online Poker Account: Security Habits Every Player Needs","72","Reviews","7","index, follow","index, follow, max-image-preview:large","","","https://onlinepokerwebsites.com/news/","","","","","","76018","12204","12204","1,809","","859","142","6,049","74,632","Fairly Easy","8,382","1","1","","140","33","0","100,000","49","33","0","0","0","0","","","","","cce3d5c68146ceeac3c5cff9b7e6f66","0,227","Thu, 13 Aug 2026 13:10:49 GMT","","","","en","1.1","","","","","","https://www.onlinepokerwebsites.com/news/","2026-08-13 16:10:48"
"https://www.onlinepokerwebsites.com/responsible-gambling/","text/html; charset=utf-8","200","OK","Non-Indexable","Canonicalised","Responsible Gambling | Online Poker Websites","44","416","Play poker safely: set limits, recognise the warning signs of problem gambling, and find support helplines in the US and Canada.","128","782","online poker sites,best poker sites,US poker sites,Canada poker sites,real money poker,poker site reviews,poker bonuses,Americas Cardroom,BetOnline poker","153","Responsible Gambling","20","Keep it a game","14","Use the tools sites provide","27","index, follow","index, follow, max-image-preview:large","","","https://onlinepokerwebsites.com/responsible-gambling/","","","","","","36123","7079","7079","1,049","","327","48","6,812","75,737","Fairly Easy","8,515","1","1","","44","33","0","100,000","30","14","0","0","0","0","","","","","e600611143ffb37c28e94052bd6a4c9","0,218","Thu, 13 Aug 2026 13:10:49 GMT","","","","en","1.1","","","","","","https://www.onlinepokerwebsites.com/responsible-gambling/","2026-08-13 16:10:48"
"https://www.onlinepokerwebsites.com/guides/poker-bonuses-explained/","text/html; charset=utf-8","200","OK","Non-Indexable","Canonicalised","Poker Bonuses Explained: How Welcome Offers Really Work | Online Poker Websites","79","750","How online poker welcome bonuses and rakeback actually work — clearing requirements, promo codes, reloads and how to compare real value. A no-nonsense 2026 guide.","162","1052","online poker sites,best poker sites,US poker sites,Canada poker sites,real money poker,poker site reviews,poker bonuses,Americas Cardroom,BetOnline poker","153","Poker Bonuses Explained","23","How a deposit-match bonus works","31","Clearing the bonus: rake and increments","39","index, follow","index, follow, max-image-preview:large","","","https://onlinepokerwebsites.com/guides/poker-bonuses-explained/","","","","","","55855","9792","9792","1,451","","649","94","6,904","74,817","Fairly Easy","9,200","1","2","","119","33","0","100,000","39","15","0","0","0","0","","","","","87af3437ec4a3be0dcb8a4ff728b032b","0,223","Thu, 13 Aug 2026 13:10:49 GMT","","","","en","1.1","","","","","","https://www.onlinepokerwebsites.com/guides/poker-bonuses-explained/","2026-08-13 16:10:48"
"https://onlinepokerwebsites.com/guides/poker-bonuses-explained/","text/html","308","Permanent Redirect","Non-Indexable","Redirected","","0","0","","0","0","","0","","0","","0","","0","","","","","","","","","","","0","0","0","0,000","","0","","","","","0,000","2","2","","0","0","0","0,000","0","0","0","0","0","0","","","","","","0,076","","https://www.onlinepokerwebsites.com/guides/poker-bonuses-explained/","HTTP Redirect","","","1.1","","","","","","https://onlinepokerwebsites.com/guides/poker-bonuses-explained/","2026-08-13 16:10:49"
"https://onlinepokerwebsites.com/responsible-gambling/","text/html","308","Permanent Redirect","Non-Indexable","Redirected","","0","0","","0","0","","0","","0","","0","","0","","","","","","","","","","","0","0","0","0,000","","0","","","","","0,000","2","1","","0","0","0","0,000","0","0","0","0","0","0","","","","","","0,073","","https://www.onlinepokerwebsites.com/responsible-gambling/","HTTP Redirect","","","1.1","","","","","","https://onlinepokerwebsites.com/responsible-gambling/","2026-08-13 16:10:49"
"https://www.onlinepokerwebsites.com/guides/canada-online-poker/","text/html; charset=utf-8","200","OK","Non-Indexable","Canonicalised","Online Poker in Canada: Legality, Provinces & Best Sites (2026) | Online Poker Websites","87","777","Where Canadians can play online poker in 2026: federal and provincial law, Ontario's regulated market, offshore options and CAD-friendly banking. Not legal advice.","163","1004","online poker sites,best poker sites,US poker sites,Canada poker sites,real money poker,poker site reviews,poker bonuses,Americas Cardroom,BetOnline poker","153","Online Poker in Canada","22","Is online poker legal in Canada?","32","Ontario's regulated market","26","index, follow","index, follow, max-image-preview:large","","","https://onlinepokerwebsites.com/guides/canada-online-poker/","","","","","","53837","9225","9225","1,367","","496","76","6,526","41,586","Hard","8,701","1","2","","110","33","0","100,000","38","15","0","0","0","0","","","","","499166ef7bc4f602adc90b7b73a06278","0,214","Thu, 13 Aug 2026 13:10:49 GMT","","","","en","1.1","","","","","","https://www.onlinepokerwebsites.com/guides/canada-online-poker/","2026-08-13 16:10:48"
"https://onlinepokerwebsites.com/guides/canada-online-poker/","text/html","308","Permanent Redirect","Non-Indexable","Redirected","","0","0","","0","0","","0","","0","","0","","0","","","","","","","","","","","0","0","0","0,000","","0","","","","","0,000","2","2","","0","0","0","0,000","0","0","0","0","0","0","","","","","","0,082","","https://www.onlinepokerwebsites.com/guides/canada-online-poker/","HTTP Redirect","","","1.1","","","","","","https://onlinepokerwebsites.com/guides/canada-online-poker/","2026-08-13 16:10:49"
"https://www.onlinepokerwebsites.com/reviews/betonline-poker/","text/html; charset=utf-8","200","OK","Non-Indexable","Canonicalised","BetOnline Poker Review 2026 — 100% up to $1,000 Bonus | Online Poker Websites","77","727","BetOnline Poker review: Crypto-first poker plus a full sportsbook and casino under one roof. Bonus, banking, traffic, safety and a full verdict for US & Canadian players. Rated 4.5/5.","183","1104","online poker sites,best poker sites,US poker sites,Canada poker sites,real money poker,poker site reviews,poker bonuses,Americas Cardroom,BetOnline poker","153","BetOnline Poker Review","22","Overview","8","Key facts","9","index, follow","index, follow, max-image-preview:large","","","https://onlinepokerwebsites.com/reviews/betonline-poker/","","","","","","91052","15538","15538","2,303","","870","153","5,686","72,121","Fairly Easy","7,160","1","2","","51","33","0","100,000","37","15","0","0","0","0","","","","","53eb7dbfa594897c1a2111cbeb0da1cc","0,374","Thu, 13 Aug 2026 13:10:49 GMT","","","","en","1.1","","","","","","https://www.onlinepokerwebsites.com/reviews/betonline-poker/","2026-08-13 16:10:48"
"https://www.onlinepokerwebsites.com/news/sportsbetting-ag-poker-crossover-2026/","text/html; charset=utf-8","200","OK","Non-Indexable","Canonicalised","SportsBetting.ag for Poker Players (2026): A Practical Look | Online Poker Websites","83","742","SportsBetting.ag is best known for its sportsbook, but it runs full Chico Network poker too. Here's what poker players get, and who the crossover room suits in 2026.","165","1012","online poker sites,best poker sites,US poker sites,Canada poker sites,real money poker,poker site reviews,poker bonuses,Americas Cardroom,BetOnline poker","153","SportsBetting.ag for Poker Players: The Sportsbook-First Room, Reviewed","71","Same Chico pool, sportsbook-first packaging","43","The welcome offer, in context","29","index, follow","index, follow, max-image-preview:large","","","https://onlinepokerwebsites.com/news/sportsbetting-ag-poker-crossover-2026/","","","","","","60289","11639","11639","1,725","","1184","169","7,006","68,180","Normal","14,588","2","2","","2","2","0","6,060","42","19","0","0","0","0","","","","","4c24787463926abc13d519281431e2e1","0,357","Thu, 13 Aug 2026 13:10:49 GMT","","","","en","1.1","","","","","","https://www.onlinepokerwebsites.com/news/sportsbetting-ag-poker-crossover-2026/","2026-08-13 16:10:49"
"https://onlinepokerwebsites.com/reviews/betonline-poker/","text/html","308","Permanent Redirect","Non-Indexable","Redirected","","0","0","","0","0","","0","","0","","0","","0","","","","","","","","","","","0","0","0","0,000","","0","","","","","0,000","2","2","","0","0","0","0,000","0","0","0","0","0","0","","","","","","0,161","","https://www.onlinepokerwebsites.com/reviews/betonline-poker/","HTTP Redirect","","","1.1","","","","","","https://onlinepokerwebsites.com/reviews/betonline-poker/","2026-08-13 16:10:49"
"https://www.onlinepokerwebsites.com/news/stablecoins-poker-bankrolls-mainstream-2026/","text/html; charset=utf-8","200","OK","Non-Indexable","Canonicalised","Stablecoins for Poker Bankrolls: Why USDC & USDT Went Mainstream | Online Poker Websites","88","836","Stablecoins have become the smart way to hold an online poker bankroll — dollar-pegged, fast and fee-free. Here's why USDC and USDT took over, and how to use them.","163","1032","online poker sites,best poker sites,US poker sites,Canada poker sites,real money poker,poker site reviews,poker bonuses,Americas Cardroom,BetOnline poker","153","Stablecoins and Poker Bankrolls: USDC and USDT Go Mainstream","60","What a stablecoin actually is","29","Why they fit poker perfectly","28","index, follow","index, follow, max-image-preview:large","","","https://onlinepokerwebsites.com/news/stablecoins-poker-bankrolls-mainstream-2026/","","","","","","55922","10492","10492","1,555","","819","108","7,583","71,257","Fairly Easy","11,495","2","2","","2","2","0","6,060","42","19","0","0","0","0","","","","","47e66cbcb06126c8422749b51e9f5a7d","0,291","Thu, 13 Aug 2026 13:10:49 GMT","","","","en","1.1","","","","","","https://www.onlinepokerwebsites.com/news/stablecoins-poker-bankrolls-mainstream-2026/","2026-08-13 16:10:49"
"https://www.onlinepokerwebsites.com/news/acr-venom-2026-record-guarantees/","text/html; charset=utf-8","200","OK","Non-Indexable","Canonicalised","ACR Venom 2026: Record Guarantees Explained for US Poker Players | Online Poker Websites","88","833","Americas Cardroom's Venom is back with its largest guarantees yet. We break down the schedule, satellites and what the numbers mean for US and Canadian players in 2026.","168","1073","online poker sites,best poker sites,US poker sites,Canada poker sites,real money poker,poker site reviews,poker bonuses,Americas Cardroom,BetOnline poker","153","ACR's Venom Series Returns Bigger in 2026: What Record Guarantees Mean for US Players","85","What the Venom actually is","26","The satellite ladder: how to get in cheap","41","index, follow","index, follow, max-image-preview:large","","","https://onlinepokerwebsites.com/news/acr-venom-2026-record-guarantees/","","","","","","58280","11023","11023","1,634","","1022","132","7,742","65,123","Normal","13,326","2","2","","2","2","0","6,060","42","19","0","0","0","0","","","","","8f44d811fc1b3f9146e2d0db3d35095f","0,279","Thu, 13 Aug 2026 13:10:49 GMT","","","","en","1.1","","","","","","https://www.onlinepokerwebsites.com/news/acr-venom-2026-record-guarantees/","2026-08-13 16:10:49"
"https://www.onlinepokerwebsites.com/news/chico-vs-winning-poker-network-2026/","text/html; charset=utf-8","200","OK","Non-Indexable","Canonicalised","Chico vs Winning Poker Network 2026: Which Is Better for You? | Online Poker Websites","85","778","The two biggest US-facing poker networks compared: traffic, games, bonuses, banking and player type. A practical 2026 guide to choosing between Chico and WPN.","158","1012","online poker sites,best poker sites,US poker sites,Canada poker sites,real money poker,poker site reviews,poker bonuses,Americas Cardroom,BetOnline poker","153","Chico Network vs. Winning Poker Network: Where Should You Play in 2026?","71","Traffic: WPN leads on volume","28","Tournaments: WPN's guarantees are bigger","40","index, follow","index, follow, max-image-preview:large","","","https://onlinepokerwebsites.com/news/chico-vs-winning-poker-network-2026/","","","","","","56305","10503","10503","1,557","","814","121","6,727","68,950","Normal","11,566","2","2","","2","2","0","6,060","45","19","0","0","0","0","","","","","ffae13104b00791054ce4fa2f38ca07b","0,297","Thu, 13 Aug 2026 13:10:49 GMT","","","","en","1.1","","","","","","https://www.onlinepokerwebsites.com/news/chico-vs-winning-poker-network-2026/","2026-08-13 16:10:49"
"https://www.onlinepokerwebsites.com/news/crypto-default-offshore-poker-2026/","text/html; charset=utf-8","200","OK","Non-Indexable","Canonicalised","Why Crypto Became the Default Banking Method at Poker Sites (2026) | Online Poker Websites","90","842","Cryptocurrency has quietly become the standard way to deposit and withdraw at US-facing poker sites. Here's why, what it means for payout speed, and how to use it safely.","170","1065","online poker sites,best poker sites,US poker sites,Canada poker sites,real money poker,poker site reviews,poker bonuses,Americas Cardroom,BetOnline poker","153","Crypto Is Now the Default at Offshore Poker Sites — Here's Why It Matters","73","Why card deposits stopped being reliable","40","The payout-speed difference is real","35","index, follow","index, follow, max-image-preview:large","","","https://onlinepokerwebsites.com/news/crypto-default-offshore-poker-2026/","","","","","","56413","10725","10725","1,589","","892","117","7,624","71,912","Fairly Easy","12,159","2","2","","2","2","0","6,060","42","19","0","0","0","0","","","","","59379ed3a5139dfbdc4b4964e37abe40","0,218","Thu, 13 Aug 2026 13:10:49 GMT","","","","en","1.1","","","","","","https://www.onlinepokerwebsites.com/news/crypto-default-offshore-poker-2026/","2026-08-13 16:10:49"
"https://www.onlinepokerwebsites.com/news/online-poker-tournament-guarantees-new-highs-2026/","text/html; charset=utf-8","200","OK","Non-Indexable","Canonicalised","Online Poker Tournament Guarantees Reach New Highs in 2026 | Online Poker Websites","82","786","Guaranteed prize pools at US-facing poker sites keep climbing. We look at what's driving the growth, which series lead, and how players can capitalise sensibly.","160","975","online poker sites,best poker sites,US poker sites,Canada poker sites,real money poker,poker site reviews,poker bonuses,Americas Cardroom,BetOnline poker","153","Online Poker Tournament Guarantees Hit New Highs in 2026","56","What's driving the growth","25","Which series lead","17","index, follow","index, follow, max-image-preview:large","","","https://onlinepokerwebsites.com/news/online-poker-tournament-guarantees-new-highs-2026/","","","","","","54412","10227","10227","1,516","","762","108","7,056","58,785","Fairly Hard","11,717","2","2","","2","2","0","6,060","41","19","0","0","0","0","","","","","cdafd184cf1dc2da1a14ab5db54e1f36","0,214","Thu, 13 Aug 2026 13:10:49 GMT","","","","en","1.1","","","","","","https://www.onlinepokerwebsites.com/news/online-poker-tournament-guarantees-new-highs-2026/","2026-08-13 16:10:49"
"https://www.onlinepokerwebsites.com/news/tigergaming-cash-game-room-spotlight-2026/","text/html; charset=utf-8","200","OK","Non-Indexable","Canonicalised","TigerGaming 2026: The Underrated Chico Cash-Game Room | Online Poker Websites","77","753","TigerGaming quietly offers one of the better cash-game experiences on the Chico Network. Here's what makes it worth a look for US and Canadian players in 2026.","159","1000","online poker sites,best poker sites,US poker sites,Canada poker sites,real money poker,poker site reviews,poker bonuses,Americas Cardroom,BetOnline poker","153","TigerGaming in 2026: The Underrated Chico Room for Cash-Game Grinders","69","The same pool, a different reputation","37","The rakeback ladder is the main attraction","42","index, follow","index, follow, max-image-preview:large","","","https://onlinepokerwebsites.com/news/tigergaming-cash-game-room-spotlight-2026/","","","","","","58857","11116","11116","1,647","","1068","142","7,521","63,904","Normal","13,838","2","2","","2","2","0","6,060","42","19","0","0","0","0","","","","","14c0f5b3add755de56e6738462a8ebbc","0,280","Thu, 13 Aug 2026 13:10:49 GMT","","","","en","1.1","","","","","","https://www.onlinepokerwebsites.com/news/tigergaming-cash-game-room-spotlight-2026/","2026-08-13 16:10:49"
"https://onlinepokerwebsites.com/news/","text/html","308","Permanent Redirect","Non-Indexable","Redirected","","0","0","","0","0","","0","","0","","0","","0","","","","","","","","","","","0","0","0","0,000","","0","","","","","0,000","2","1","","0","0","0","0,000","0","0","0","0","0","0","","","","","","0,069","","https://www.onlinepokerwebsites.com/news/","HTTP Redirect","","","1.1","","","","","","https://onlinepokerwebsites.com/news/","2026-08-13 16:10:49"
"https://www.onlinepokerwebsites.com/news/responsible-gambling-tools-improving-offshore-2026/","text/html; charset=utf-8","200","OK","Non-Indexable","Canonicalised","Responsible Gambling Tools at Offshore Poker Sites: 2026 Update | Online Poker Websites","87","806","Deposit limits, cool-offs and self-exclusion are increasingly standard at offshore poker rooms. We look at what's available in 2026 and how to use these tools well.","164","993","online poker sites,best poker sites,US poker sites,Canada poker sites,real money poker,poker site reviews,poker bonuses,Americas Cardroom,BetOnline poker","153","Responsible Gambling Tools Are Getting Better at Offshore Rooms","63","Why offshore rooms are adding these tools","41","What's available in 2026","24","index, follow","index, follow, max-image-preview:large","","","https://onlinepokerwebsites.com/news/responsible-gambling-tools-improving-offshore-2026/","","","","","","55448","10281","10281","1,524","","792","104","7,615","63,767","Normal","11,560","2","2","","2","2","0","6,060","42","19","0","0","0","0","","","","","c44cb7cb484141bca965a208dbcfeb21","0,278","Thu, 13 Aug 2026 13:10:49 GMT","","","","en","1.1","","","","","","https://www.onlinepokerwebsites.com/news/responsible-gambling-tools-improving-offshore-2026/","2026-08-13 16:10:49"
"https://www.onlinepokerwebsites.com/news/how-to-read-poker-welcome-bonus-2026/","text/html; charset=utf-8","200","OK","Non-Indexable","Canonicalised","How to Read a Poker Welcome Bonus (2026): Avoid the Common Traps | Online Poker Websites","88","852","A '100% up to $2,000' bonus rarely means what newcomers think. Learn how to read poker welcome offers, clearing terms and real value before you deposit.","152","961","online poker sites,best poker sites,US poker sites,Canada poker sites,real money poker,poker site reviews,poker bonuses,Americas Cardroom,BetOnline poker","153","How to Read a Poker Welcome Bonus Before You Deposit","52","Step one: understand 'up to' and the match rate","47","Step two: know that the bonus is not cash yet","45","index, follow","index, follow, max-image-preview:large","","","https://onlinepokerwebsites.com/news/how-to-read-poker-welcome-bonus-2026/","","","","","","54972","10399","10399","1,541","","846","113","7,487","78,036","Fairly Easy","11,403","2","2","","2","2","0","6,060","42","19","0","0","0","0","","","","","504bb855ac8e6b480a546980deb28275","0,231","Thu, 13 Aug 2026 13:10:49 GMT","","","","en","1.1","","","","","","https://www.onlinepokerwebsites.com/news/how-to-read-poker-welcome-bonus-2026/","2026-08-13 16:10:49"
"https://www.onlinepokerwebsites.com/news/solvers-gto-recreational-players-2026/","text/html; charset=utf-8","200","OK","Non-Indexable","Canonicalised","Solvers & GTO in 2026: What It Means for Casual Players | Online Poker Websites","79","721","Solver-driven 'GTO' play has reshaped online poker strategy. Here's what that actually means for recreational US and Canadian players — and how to compete in 2026.","163","1023","online poker sites,best poker sites,US poker sites,Canada poker sites,real money poker,poker site reviews,poker bonuses,Americas Cardroom,BetOnline poker","153","Solvers, GTO and the Modern Online Grind: What It Means for Recreational Players","80","What a solver actually is","25","Why GTO is a defensive baseline, not a magic bullet","51","index, follow","index, follow, max-image-preview:large","","","https://onlinepokerwebsites.com/news/solvers-gto-recreational-players-2026/","","","","","","57901","11007","11007","1,631","","1032","139","7,424","64,038","Normal","13,517","2","2","","2","2","0","6,060","41","19","0","0","0","0","","","","","54f5e202da42c165c60f9353f1518106","0,247","Thu, 13 Aug 2026 13:10:50 GMT","","","","en","1.1","","","","","","https://www.onlinepokerwebsites.com/news/solvers-gto-recreational-players-2026/","2026-08-13 16:10:49"
"https://www.onlinepokerwebsites.com/news/black-chip-poker-rewards-explained-2026/","text/html; charset=utf-8","200","OK","Non-Indexable","Canonicalised","Black Chip Poker Rewards 2026: Rakeback & Loyalty Explained | Online Poker Websites","83","770","Black Chip Poker pairs WPN traffic with a distinct rewards package. We explain its rakeback, loyalty tiers and who benefits most from choosing it over other WPN skins.","167","1029","online poker sites,best poker sites,US poker sites,Canada poker sites,real money poker,poker site reviews,poker bonuses,Americas Cardroom,BetOnline poker","153","Black Chip Poker's Rewards, Explained: Rakeback, Tiers and Who Benefits","71","Same pool, different wrapper","28","The welcome offer","17","index, follow","index, follow, max-image-preview:large","","","https://onlinepokerwebsites.com/news/black-chip-poker-rewards-explained-2026/","","","","","","54814","10210","10210","1,513","","769","105","7,324","68,156","Normal","11,520","2","2","","2","2","0","6,060","42","19","0","0","0","0","","","","","d6a337678ddad1d143571a3ae4f39373","0,262","Thu, 13 Aug 2026 13:10:50 GMT","","","","en","1.1","","","","","","https://www.onlinepokerwebsites.com/news/black-chip-poker-rewards-explained-2026/","2026-08-13 16:10:49"
"https://www.onlinepokerwebsites.com/news/ontario-regulated-poker-lessons-2026/","text/html; charset=utf-8","200","OK","Non-Indexable","Canonicalised","Ontario Online Poker in 2026: What Regulation Changed for Players | Online Poker Websites","89","814","Ontario's regulated iGaming market has reshaped online poker in Canada. Here's what changed, what Canadian players gained, and how it compares to offshore rooms.","161","1037","online poker sites,best poker sites,US poker sites,Canada poker sites,real money poker,poker site reviews,poker bonuses,Americas Cardroom,BetOnline poker","153","Ontario's Regulated Market Two Years On: Lessons for Canadian Poker Players","75","What Ontario actually did","25","Lesson one: consumer protection is a genuine benefit","52","index, follow","index, follow, max-image-preview:large","","","https://onlinepokerwebsites.com/news/ontario-regulated-poker-lessons-2026/","","","","","","56489","10562","10562","1,565","","837","117","7,154","49,073","Hard","12,490","2","2","","2","2","0","6,060","42","19","0","0","0","0","","","","","752b404bdd4d631924102941f811d5c8","0,227","Thu, 13 Aug 2026 13:10:50 GMT","","","","en","1.1","","","","","","https://www.onlinepokerwebsites.com/news/ontario-regulated-poker-lessons-2026/","2026-08-13 16:10:49"
"https://www.onlinepokerwebsites.com/news/first-online-poker-site-beginner-roadmap-2026/","text/html; charset=utf-8","200","OK","Non-Indexable","Canonicalised","Your First Online Poker Site: A 2026 Beginner's Roadmap | Online Poker Websites","79","721","New to online poker in the US or Canada? This step-by-step 2026 roadmap covers legality, choosing a room, banking, bonuses and playing responsibly from day one.","160","1012","online poker sites,best poker sites,US poker sites,Canada poker sites,real money poker,poker site reviews,poker bonuses,Americas Cardroom,BetOnline poker","153","Choosing Your First Online Poker Site: A Beginner's Roadmap for 2026","68","Step one: understand the legal picture where you live","53","Step two: choose a room that fits how you'll play","49","index, follow","index, follow, max-image-preview:large","","","https://onlinepokerwebsites.com/news/first-online-poker-site-beginner-roadmap-2026/","","","","","","59586","11584","11584","1,717","","1094","153","7,150","68,888","Normal","13,548","2","2","","2","2","0","6,060","43","19","0","0","0","0","","","","","a308d188e04d19640157533631d82a52","0,223","Thu, 13 Aug 2026 13:10:50 GMT","","","","en","1.1","","","","","","https://www.onlinepokerwebsites.com/news/first-online-poker-site-beginner-roadmap-2026/","2026-08-13 16:10:49"
"https://www.onlinepokerwebsites.com/news/online-poker-bankroll-management-2026/","text/html; charset=utf-8","200","OK","Non-Indexable","Canonicalised","Poker Bankroll Management 2026: How Much You Really Need | Online Poker Websites","80","772","Bankroll management is the single skill that keeps players in the game. Here's how much you really need for cash games and tournaments, and how to protect it in 2026.","166","1035","online poker sites,best poker sites,US poker sites,Canada poker sites,real money poker,poker site reviews,poker bonuses,Americas Cardroom,BetOnline poker","153","Bankroll Management for Online Poker: How Much You Really Need in 2026","70","What a bankroll actually is","27","Cash games: think in buy-ins","28","index, follow","index, follow, max-image-preview:large","","","https://onlinepokerwebsites.com/news/online-poker-bankroll-management-2026/","","","","","","61254","11984","11984","1,776","","1313","164","8,006","71,068","Fairly Easy","15,094","2","2","","2","2","0","6,060","41","19","0","0","0","0","","","","","4ac3ab6aba4b6e2964d449517dcbfbe3","0,237","Thu, 13 Aug 2026 13:10:50 GMT","","","","en","1.1","","","","","","https://www.onlinepokerwebsites.com/news/online-poker-bankroll-management-2026/","2026-08-13 16:10:49"
"https://onlinepokerwebsites.com/reviews/americas-cardroom/","text/html","308","Permanent Redirect","Non-Indexable","Redirected","","0","0","","0","0","","0","","0","","0","","0","","","","","","","","","","","0","0","0","0,000","","0","","","","","0,000","2","2","","0","0","0","0,000","0","0","0","0","0","0","","","","","","0,070","","https://www.onlinepokerwebsites.com/reviews/americas-cardroom/","HTTP Redirect","","","1.1","","","","","","https://onlinepokerwebsites.com/reviews/americas-cardroom/","2026-08-13 16:10:50"
"https://onlinepokerwebsites.com/reviews/tigergaming/","text/html","308","Permanent Redirect","Non-Indexable","Redirected","","0","0","","0","0","","0","","0","","0","","0","","","","","","","","","","","0","0","0","0,000","","0","","","","","0,000","2","2","","0","0","0","0,000","0","0","0","0","0","0","","","","","","0,072","","https://www.onlinepokerwebsites.com/reviews/tigergaming/","HTTP Redirect","","","1.1","","","","","","https://onlinepokerwebsites.com/reviews/tigergaming/","2026-08-13 16:10:50"
"https://onlinepokerwebsites.com/reviews/black-chip-poker/","text/html","308","Permanent Redirect","Non-Indexable","Redirected","","0","0","","0","0","","0","","0","","0","","0","","","","","","","","","","","0","0","0","0,000","","0","","","","","0,000","2","2","","0","0","0","0,000","0","0","0","0","0","0","","","","","","0,075","","https://www.onlinepokerwebsites.com/reviews/black-chip-poker/","HTTP Redirect","","","1.1","","","","","","https://onlinepokerwebsites.com/reviews/black-chip-poker/","2026-08-13 16:10:50"
"https://onlinepokerwebsites.com/guides/deposits-and-withdrawals/","text/html","308","Permanent Redirect","Non-Indexable","Redirected","","0","0","","0","0","","0","","0","","0","","0","","","","","","","","","","","0","0","0","0,000","","0","","","","","0,000","2","2","","0","0","0","0,000","0","0","0","0","0","0","","","","","","0,078","","https://www.onlinepokerwebsites.com/guides/deposits-and-withdrawals/","HTTP Redirect","","","1.1","","","","","","https://onlinepokerwebsites.com/guides/deposits-and-withdrawals/","2026-08-13 16:10:50"
"https://www.onlinepokerwebsites.com/news/us-online-poker-2026-state-regulation-outlook/","text/html; charset=utf-8","200","OK","Non-Indexable","Canonicalised","US Online Poker 2026: State Regulation Outlook & What It Means | Online Poker Websites","86","793","A plain-English 2026 update on US online poker regulation — which states have legal rooms, which are debating it, and what it means for players today. Not legal advice.","168","1033","online poker sites,best poker sites,US poker sites,Canada poker sites,real money poker,poker site reviews,poker bonuses,Americas Cardroom,BetOnline poker","153","US Online Poker in 2026: Which States Are Moving Toward Regulation","66","The states with regulated poker today","37","The states to watch","19","index, follow","index, follow, max-image-preview:large","","","https://onlinepokerwebsites.com/news/us-online-poker-2026-state-regulation-outlook/","","","","","","56468","10548","10548","1,563","","866","115","7,530","58,420","Fairly Hard","12,328","2","2","","2","2","0","6,060","41","19","0","0","0","0","","","","","915e8a54e80089375da3b193912143d0","0,247","Thu, 13 Aug 2026 13:10:50 GMT","","","","en","1.1","","","","","","https://www.onlinepokerwebsites.com/news/us-online-poker-2026-state-regulation-outlook/","2026-08-13 16:10:50"
"https://onlinepokerwebsites.com/guides/how-to-choose-a-poker-site/","text/html","308","Permanent Redirect","Non-Indexable","Redirected","","0","0","","0","0","","0","","0","","0","","0","","","","","","","","","","","0","0","0","0,000","","0","","","","","0,000","2","2","","0","0","0","0,000","0","0","0","0","0","0","","","","","","0,069","","https://www.onlinepokerwebsites.com/guides/how-to-choose-a-poker-site/","HTTP Redirect","","","1.1","","","","","","https://onlinepokerwebsites.com/guides/how-to-choose-a-poker-site/","2026-08-13 16:10:50"
"https://onlinepokerwebsites.com/about/","text/html","308","Permanent Redirect","Non-Indexable","Redirected","","0","0","","0","0","","0","","0","","0","","0","","","","","","","","","","","0","0","0","0,000","","0","","","","","0,000","2","1","","0","0","0","0,000","0","0","0","0","0","0","","","","","","0,131","","https://www.onlinepokerwebsites.com/about/","HTTP Redirect","","","1.1","","","","","","https://onlinepokerwebsites.com/about/","2026-08-13 16:10:50"
"https://onlinepokerwebsites.com/news/multi-tabling-online-poker-how-many-tables-2026/","text/html","308","Permanent Redirect","Non-Indexable","Redirected","","0","0","","0","0","","0","","0","","0","","0","","","","","","","","","","","0","0","0","0,000","","0","","","","","0,000","2","2","","0","0","0","0,000","0","0","0","0","0","0","","","","","","0,066","","https://www.onlinepokerwebsites.com/news/multi-tabling-online-poker-how-many-tables-2026/","HTTP Redirect","","","1.1","","","","","","https://onlinepokerwebsites.com/news/multi-tabling-online-poker-how-many-tables-2026/","2026-08-13 16:10:50"
"https://onlinepokerwebsites.com/guides/us-poker-legality/","text/html","308","Permanent Redirect","Non-Indexable","Redirected","","0","0","","0","0","","0","","0","","0","","0","","","","","","","","","","","0","0","0","0,000","","0","","","","","0,000","2","2","","0","0","0","0,000","0","0","0","0","0","0","","","","","","0,075","","https://www.onlinepokerwebsites.com/guides/us-poker-legality/","HTTP Redirect","","","1.1","","","","","","https://onlinepokerwebsites.com/guides/us-poker-legality/","2026-08-13 16:10:50"
"https://onlinepokerwebsites.com/news/poker-tournament-formats-explained-2026/","text/html","308","Permanent Redirect","Non-Indexable","Redirected","","0","0","","0","0","","0","","0","","0","","0","","","","","","","","","","","0","0","0","0,000","","0","","","","","0,000","2","2","","0","0","0","0,000","0","0","0","0","0","0","","","","","","0,070","","https://www.onlinepokerwebsites.com/news/poker-tournament-formats-explained-2026/","HTTP Redirect","","","1.1","","","","","","https://onlinepokerwebsites.com/news/poker-tournament-formats-explained-2026/","2026-08-13 16:10:50"
"https://onlinepokerwebsites.com/news/protecting-your-poker-account-security-2026/","text/html","308","Permanent Redirect","Non-Indexable","Redirected","","0","0","","0","0","","0","","0","","0","","0","","","","","","","","","","","0","0","0","0,000","","0","","","","","0,000","2","2","","0","0","0","0,000","0","0","0","0","0","0","","","","","","0,214","","https://www.onlinepokerwebsites.com/news/protecting-your-poker-account-security-2026/","HTTP Redirect","","","1.1","","","","","","https://onlinepokerwebsites.com/news/protecting-your-poker-account-security-2026/","2026-08-13 16:10:50"
"https://onlinepokerwebsites.com/reviews/sportsbetting-ag/","text/html","308","Permanent Redirect","Non-Indexable","Redirected","","0","0","","0","0","","0","","0","","0","","0","","","","","","","","","","","0","0","0","0,000","","0","","","","","0,000","2","2","","0","0","0","0,000","0","0","0","0","0","0","","","","","","0,154","","https://www.onlinepokerwebsites.com/reviews/sportsbetting-ag/","HTTP Redirect","","","1.1","","","","","","https://onlinepokerwebsites.com/reviews/sportsbetting-ag/","2026-08-13 16:10:50"
"https://onlinepokerwebsites.com/news/us-online-poker-2026-state-regulation-outlook/","text/html","308","Permanent Redirect","Non-Indexable","Redirected","","0","0","","0","0","","0","","0","","0","","0","","","","","","","","","","","0","0","0","0,000","","0","","","","","0,000","3","2","","0","0","0","0,000","0","0","0","0","0","0","","","","","","0,070","","https://www.onlinepokerwebsites.com/news/us-online-poker-2026-state-regulation-outlook/","HTTP Redirect","","","1.1","","","","","","https://onlinepokerwebsites.com/news/us-online-poker-2026-state-regulation-outlook/","2026-08-13 16:10:50"
"https://www.onlinepokerwebsites.com/news/vetting-offshore-poker-site-before-deposit-2026/","text/html; charset=utf-8","200","OK","Non-Indexable","Canonicalised","How to Vet an Offshore Poker Site Before You Deposit (2026) | Online Poker Websites","83","762","Not every US-facing poker site deserves your money. Here's a practical 2026 checklist for vetting an offshore room's trust, banking and track record before you deposit.","168","1027","online poker sites,best poker sites,US poker sites,Canada poker sites,real money poker,poker site reviews,poker bonuses,Americas Cardroom,BetOnline poker","153","How to Vet an Offshore Poker Site Before You Deposit","52","Start with track record and longevity","37","Confirm the room actually accepts you","37","index, follow","index, follow, max-image-preview:large","","","https://onlinepokerwebsites.com/news/vetting-offshore-poker-site-before-deposit-2026/","","","","","","60815","11786","11786","1,747","","1206","153","7,882","65,551","Normal","14,441","2","2","","5","5","0","15,150","43","19","0","0","0","0","","","","","e058e0abff719f5fbfef8e01c5adb45f","0,240","Thu, 13 Aug 2026 13:10:50 GMT","","","","en","1.1","","","","","","https://www.onlinepokerwebsites.com/news/vetting-offshore-poker-site-before-deposit-2026/","2026-08-13 16:10:50"
"https://onlinepokerwebsites.com/news/online-poker-bankroll-management-2026/","text/html","308","Permanent Redirect","Non-Indexable","Redirected","","0","0","","0","0","","0","","0","","0","","0","","","","","","","","","","","0","0","0","0,000","","0","","","","","0,000","3","2","","0","0","0","0,000","0","0","0","0","0","0","","","","","","0,069","","https://www.onlinepokerwebsites.com/news/online-poker-bankroll-management-2026/","HTTP Redirect","","","1.1","","","","","","https://onlinepokerwebsites.com/news/online-poker-bankroll-management-2026/","2026-08-13 16:10:50"
"https://onlinepokerwebsites.com/news/first-online-poker-site-beginner-roadmap-2026/","text/html","308","Permanent Redirect","Non-Indexable","Redirected","","0","0","","0","0","","0","","0","","0","","0","","","","","","","","","","","0","0","0","0,000","","0","","","","","0,000","3","2","","0","0","0","0,000","0","0","0","0","0","0","","","","","","0,074","","https://www.onlinepokerwebsites.com/news/first-online-poker-site-beginner-roadmap-2026/","HTTP Redirect","","","1.1","","","","","","https://onlinepokerwebsites.com/news/first-online-poker-site-beginner-roadmap-2026/","2026-08-13 16:10:50"
"https://onlinepokerwebsites.com/news/ontario-regulated-poker-lessons-2026/","text/html","308","Permanent Redirect","Non-Indexable","Redirected","","0","0","","0","0","","0","","0","","0","","0","","","","","","","","","","","0","0","0","0,000","","0","","","","","0,000","3","2","","0","0","0","0,000","0","0","0","0","0","0","","","","","","0,071","","https://www.onlinepokerwebsites.com/news/ontario-regulated-poker-lessons-2026/","HTTP Redirect","","","1.1","","","","","","https://onlinepokerwebsites.com/news/ontario-regulated-poker-lessons-2026/","2026-08-13 16:10:50"
"https://onlinepokerwebsites.com/news/vetting-offshore-poker-site-before-deposit-2026/","text/html","308","Permanent Redirect","Non-Indexable","Redirected","","0","0","","0","0","","0","","0","","0","","0","","","","","","","","","","","0","0","0","0,000","","0","","","","","0,000","3","2","","0","0","0","0,000","0","0","0","0","0","0","","","","","","0,077","","https://www.onlinepokerwebsites.com/news/vetting-offshore-poker-site-before-deposit-2026/","HTTP Redirect","","","1.1","","","","","","https://onlinepokerwebsites.com/news/vetting-offshore-poker-site-before-deposit-2026/","2026-08-13 16:10:50"
"https://onlinepokerwebsites.com/news/black-chip-poker-rewards-explained-2026/","text/html","308","Permanent Redirect","Non-Indexable","Redirected","","0","0","","0","0","","0","","0","","0","","0","","","","","","","","","","","0","0","0","0,000","","0","","","","","0,000","3","2","","0","0","0","0,000","0","0","0","0","0","0","","","","","","0,074","","https://www.onlinepokerwebsites.com/news/black-chip-poker-rewards-explained-2026/","HTTP Redirect","","","1.1","","","","","","https://onlinepokerwebsites.com/news/black-chip-poker-rewards-explained-2026/","2026-08-13 16:10:50"
"https://onlinepokerwebsites.com/news/solvers-gto-recreational-players-2026/","text/html","308","Permanent Redirect","Non-Indexable","Redirected","","0","0","","0","0","","0","","0","","0","","0","","","","","","","","","","","0","0","0","0,000","","0","","","","","0,000","3","2","","0","0","0","0,000","0","0","0","0","0","0","","","","","","0,069","","https://www.onlinepokerwebsites.com/news/solvers-gto-recreational-players-2026/","HTTP Redirect","","","1.1","","","","","","https://onlinepokerwebsites.com/news/solvers-gto-recreational-players-2026/","2026-08-13 16:10:50"
"https://onlinepokerwebsites.com/news/how-to-read-poker-welcome-bonus-2026/","text/html","308","Permanent Redirect","Non-Indexable","Redirected","","0","0","","0","0","","0","","0","","0","","0","","","","","","","","","","","0","0","0","0,000","","0","","","","","0,000","3","2","","0","0","0","0,000","0","0","0","0","0","0","","","","","","0,080","","https://www.onlinepokerwebsites.com/news/how-to-read-poker-welcome-bonus-2026/","HTTP Redirect","","","1.1","","","","","","https://onlinepokerwebsites.com/news/how-to-read-poker-welcome-bonus-2026/","2026-08-13 16:10:50"
"https://onlinepokerwebsites.com/news/responsible-gambling-tools-improving-offshore-2026/","text/html","308","Permanent Redirect","Non-Indexable","Redirected","","0","0","","0","0","","0","","0","","0","","0","","","","","","","","","","","0","0","0","0,000","","0","","","","","0,000","3","2","","0","0","0","0,000","0","0","0","0","0","0","","","","","","0,072","","https://www.onlinepokerwebsites.com/news/responsible-gambling-tools-improving-offshore-2026/","HTTP Redirect","","","1.1","","","","","","https://onlinepokerwebsites.com/news/responsible-gambling-tools-improving-offshore-2026/","2026-08-13 16:10:50"
"https://onlinepokerwebsites.com/news/online-poker-tournament-guarantees-new-highs-2026/","text/html","308","Permanent Redirect","Non-Indexable","Redirected","","0","0","","0","0","","0","","0","","0","","0","","","","","","","","","","","0","0","0","0,000","","0","","","","","0,000","3","2","","0","0","0","0,000","0","0","0","0","0","0","","","","","","0,076","","https://www.onlinepokerwebsites.com/news/online-poker-tournament-guarantees-new-highs-2026/","HTTP Redirect","","","1.1","","","","","","https://onlinepokerwebsites.com/news/online-poker-tournament-guarantees-new-highs-2026/","2026-08-13 16:10:50"
"https://onlinepokerwebsites.com/news/tigergaming-cash-game-room-spotlight-2026/","text/html","308","Permanent Redirect","Non-Indexable","Redirected","","0","0","","0","0","","0","","0","","0","","0","","","","","","","","","","","0","0","0","0,000","","0","","","","","0,000","3","2","","0","0","0","0,000","0","0","0","0","0","0","","","","","","0,087","","https://www.onlinepokerwebsites.com/news/tigergaming-cash-game-room-spotlight-2026/","HTTP Redirect","","","1.1","","","","","","https://onlinepokerwebsites.com/news/tigergaming-cash-game-room-spotlight-2026/","2026-08-13 16:10:50"
"https://onlinepokerwebsites.com/news/chico-vs-winning-poker-network-2026/","text/html","308","Permanent Redirect","Non-Indexable","Redirected","","0","0","","0","0","","0","","0","","0","","0","","","","","","","","","","","0","0","0","0,000","","0","","","","","0,000","3","2","","0","0","0","0,000","0","0","0","0","0","0","","","","","","0,073","","https://www.onlinepokerwebsites.com/news/chico-vs-winning-poker-network-2026/","HTTP Redirect","","","1.1","","","","","","https://onlinepokerwebsites.com/news/chico-vs-winning-poker-network-2026/","2026-08-13 16:10:50"
"https://onlinepokerwebsites.com/news/acr-venom-2026-record-guarantees/","text/html","308","Permanent Redirect","Non-Indexable","Redirected","","0","0","","0","0","","0","","0","","0","","0","","","","","","","","","","","0","0","0","0,000","","0","","","","","0,000","3","2","","0","0","0","0,000","0","0","0","0","0","0","","","","","","0,076","","https://www.onlinepokerwebsites.com/news/acr-venom-2026-record-guarantees/","HTTP Redirect","","","1.1","","","","","","https://onlinepokerwebsites.com/news/acr-venom-2026-record-guarantees/","2026-08-13 16:10:50"
"https://onlinepokerwebsites.com/news/sportsbetting-ag-poker-crossover-2026/","text/html","308","Permanent Redirect","Non-Indexable","Redirected","","0","0","","0","0","","0","","0","","0","","0","","","","","","","","","","","0","0","0","0,000","","0","","","","","0,000","3","2","","0","0","0","0,000","0","0","0","0","0","0","","","","","","0,068","","https://www.onlinepokerwebsites.com/news/sportsbetting-ag-poker-crossover-2026/","HTTP Redirect","","","1.1","","","","","","https://onlinepokerwebsites.com/news/sportsbetting-ag-poker-crossover-2026/","2026-08-13 16:10:50"
"https://onlinepokerwebsites.com/news/stablecoins-poker-bankrolls-mainstream-2026/","text/html","308","Permanent Redirect","Non-Indexable","Redirected","","0","0","","0","0","","0","","0","","0","","0","","","","","","","","","","","0","0","0","0,000","","0","","","","","0,000","3","2","","0","0","0","0,000","0","0","0","0","0","0","","","","","","0,081","","https://www.onlinepokerwebsites.com/news/stablecoins-poker-bankrolls-mainstream-2026/","HTTP Redirect","","","1.1","","","","","","https://onlinepokerwebsites.com/news/stablecoins-poker-bankrolls-mainstream-2026/","2026-08-13 16:10:50"
"https://onlinepokerwebsites.com/news/crypto-default-offshore-poker-2026/","text/html","308","Permanent Redirect","Non-Indexable","Redirected","","0","0","","0","0","","0","","0","","0","","0","","","","","","","","","","","0","0","0","0,000","","0","","","","","0,000","3","2","","0","0","0","0,000","0","0","0","0","0","0","","","","","","0,142","","https://www.onlinepokerwebsites.com/news/crypto-default-offshore-poker-2026/","HTTP Redirect","","","1.1","","","","","","https://onlinepokerwebsites.com/news/crypto-default-offshore-poker-2026/","2026-08-13 16:10:50"
