"Address","Status Code","Status","HTML Word Count","Rendered HTML Word Count","Word Count Change","JS Word Count %","HTML Title","Rendered HTML Title","HTML H1","Rendered HTML H1","HTML Meta Description","Rendered HTML Meta Description","HTML Canonical","Rendered HTML Canonical","Unique Inlinks","Unique JS Inlinks","Unique Outlinks","Unique JS Outlinks","Unique External Outlinks","Unique External JS Outlinks","HTML Meta Robots 1","HTML Meta Robots 2","Rendered HTML Meta Robots 1","Pretty URL","Ugly URL","JS Error","JS Warning","JS Info","JS Debug","JS Issue"
"https://www.onlinepokerwebsites.com/","200","OK","1040","0","","","Best Online Poker Sites 2026 — Expert Reviews & Rankings","","The Best Online Poker Sites for US & Canada","","Compare the best online poker sites for US and Canadian players in 2026. Independent reviews of Americas Cardroom, BetOnline, Black Chip Poker, TigerGaming & SportsBetting.ag — bonuses, traffic, banking and safety.","","https://onlinepokerwebsites.com/","","33","0","22","0","0","0","index, follow","index, follow, max-image-preview:large","","https://www.onlinepokerwebsites.com/","https://www.onlinepokerwebsites.com/","","","","",""
"https://www.onlinepokerwebsites.com/reviews/sportsbetting-ag/","200","OK","848","0","","","SportsBetting.ag Review 2026 — 100% up to $1,000 Bonus | Online Poker Websites","","SportsBetting.ag Review","","SportsBetting.ag review: BetOnline's sister room — same pool, same fast crypto banking. Bonus, banking, traffic, safety and a full verdict for US & Canadian players. Rated 4.3/5.","","https://onlinepokerwebsites.com/reviews/sportsbetting-ag/","","33","0","15","0","0","0","index, follow","index, follow, max-image-preview:large","","https://www.onlinepokerwebsites.com/reviews/sportsbetting-ag/","https://www.onlinepokerwebsites.com/reviews/sportsbetting-ag/","","","","",""
"https://www.onlinepokerwebsites.com/news/poker-tournament-formats-explained-2026/","200","OK","1293","0","","","Poker Tournament Formats Explained (2026): A Player's Guide | Online Poker Websites","","Poker Tournament Formats Explained: Freezeouts, Rebuys, Bounties and More","","Freezeout, rebuy, bounty, mystery bounty, turbo, PKO — online poker tournament formats decoded, so US and Canadian players can pick the right events in 2026.","","https://onlinepokerwebsites.com/news/poker-tournament-formats-explained-2026/","","21","0","19","0","0","0","index, follow","index, follow, max-image-preview:large","","https://www.onlinepokerwebsites.com/news/poker-tournament-formats-explained-2026/","https://www.onlinepokerwebsites.com/news/poker-tournament-formats-explained-2026/","","","","",""
"https://www.onlinepokerwebsites.com/news/protecting-your-poker-account-security-2026/","200","OK","1360","0","","","Online Poker Account Security 2026: Protect Your Funds | Online Poker Websites","","Protecting Your Online Poker Account: Security Habits Every Player Needs","","At offshore rooms your account security is on you. Here's a practical 2026 checklist — passwords, 2FA, crypto wallet hygiene and scam-spotting — to protect your funds.","","https://onlinepokerwebsites.com/news/protecting-your-poker-account-security-2026/","","21","0","19","0","0","0","index, follow","index, follow, max-image-preview:large","","https://www.onlinepokerwebsites.com/news/protecting-your-poker-account-security-2026/","https://www.onlinepokerwebsites.com/news/protecting-your-poker-account-security-2026/","","","","",""
"https://www.onlinepokerwebsites.com/guides/us-poker-legality/","200","OK","682","0","","","Is Online Poker Legal in the US? State-by-State (2026) | Online Poker Websites","","US Online Poker Legality Explained","","A plain-English guide to US online poker law in 2026: regulated states, the offshore option, what federal law actually says, and what it all means for players. Not legal advice.","","https://onlinepokerwebsites.com/guides/us-poker-legality/","","33","0","15","0","0","0","index, follow","index, follow, max-image-preview:large","","https://www.onlinepokerwebsites.com/guides/us-poker-legality/","https://www.onlinepokerwebsites.com/guides/us-poker-legality/","","","","",""
"https://www.onlinepokerwebsites.com/news/multi-tabling-online-poker-how-many-tables-2026/","200","OK","1408","0","","","Multi-Tabling Poker 2026: How Many Tables Should You Play? | Online Poker Websites","","Multi-Tabling Online Poker in 2026: How Many Tables Should You Really Play?","","Playing more tables can multiply your volume and rewards — or your mistakes. Here's how to find your right number of tables for US-facing online poker in 2026.","","https://onlinepokerwebsites.com/news/multi-tabling-online-poker-how-many-tables-2026/","","21","0","19","0","0","0","index, follow","index, follow, max-image-preview:large","","https://www.onlinepokerwebsites.com/news/multi-tabling-online-poker-how-many-tables-2026/","https://www.onlinepokerwebsites.com/news/multi-tabling-online-poker-how-many-tables-2026/","","","","",""
"https://www.onlinepokerwebsites.com/guides/how-to-choose-a-poker-site/","200","OK","781","0","","","How to Choose an Online Poker Site (2026 Guide) | Online Poker Websites","","How to Choose an Online Poker Site","","The 9 factors that actually matter when picking an online poker site — traffic, safety, bonuses, banking, rake and more. A practical guide for US and Canadian players.","","https://onlinepokerwebsites.com/guides/how-to-choose-a-poker-site/","","33","0","15","0","0","0","index, follow","index, follow, max-image-preview:large","","https://www.onlinepokerwebsites.com/guides/how-to-choose-a-poker-site/","https://www.onlinepokerwebsites.com/guides/how-to-choose-a-poker-site/","","","","",""
"https://www.onlinepokerwebsites.com/guides/deposits-and-withdrawals/","200","OK","584","0","","","Poker Site Deposits & Withdrawals: Crypto, Cards & Payout Speeds | Online Poker Websites","","Deposits & Withdrawals at Online Poker Sites","","The fastest, cheapest ways to deposit and cash out at online poker sites — cryptocurrency, cards and vouchers — plus payout speeds, fees and security tips for US & Canadian players.","","https://onlinepokerwebsites.com/guides/deposits-and-withdrawals/","","33","0","15","0","0","0","index, follow","index, follow, max-image-preview:large","","https://www.onlinepokerwebsites.com/guides/deposits-and-withdrawals/","https://www.onlinepokerwebsites.com/guides/deposits-and-withdrawals/","","","","",""
"https://www.onlinepokerwebsites.com/about/","200","OK","366","0","","","About & Review Methodology | Online Poker Websites","","About Online Poker Websites","","How Online Poker Websites reviews and ranks poker sites for US and Canadian players — our methodology, editorial independence and advertiser disclosure.","","https://onlinepokerwebsites.com/about/","","33","0","14","0","0","0","index, follow","index, follow, max-image-preview:large","","https://www.onlinepokerwebsites.com/about/","https://www.onlinepokerwebsites.com/about/","","","","",""
"https://www.onlinepokerwebsites.com/reviews/tigergaming/","200","OK","854","0","","","TigerGaming Review 2026 — 100% up to $1,000 Bonus | Online Poker Websites","","TigerGaming Review","","TigerGaming review: A Chico room with a clear, tiered rakeback ladder for regulars. Bonus, banking, traffic, safety and a full verdict for US & Canadian players. Rated 4.1/5.","","https://onlinepokerwebsites.com/reviews/tigergaming/","","33","0","15","0","0","0","index, follow","index, follow, max-image-preview:large","","https://www.onlinepokerwebsites.com/reviews/tigergaming/","https://www.onlinepokerwebsites.com/reviews/tigergaming/","","","","",""
"https://www.onlinepokerwebsites.com/reviews/black-chip-poker/","200","OK","885","0","","","Black Chip Poker Review 2026 — 100% up to $2,000 Bonus | Online Poker Websites","","Black Chip Poker Review","","Black Chip Poker review: A WPN room with rich promotions and one of the biggest weekly schedules. Bonus, banking, traffic, safety and a full verdict for US & Canadian players. Rated 4.4/5.","","https://onlinepokerwebsites.com/reviews/black-chip-poker/","","33","0","15","0","0","0","index, follow","index, follow, max-image-preview:large","","https://www.onlinepokerwebsites.com/reviews/black-chip-poker/","https://www.onlinepokerwebsites.com/reviews/black-chip-poker/","","","","",""
"https://www.onlinepokerwebsites.com/reviews/americas-cardroom/","200","OK","964","0","","","Americas Cardroom Review 2026 — 100% up to $2,000 Bonus | Online Poker Websites","","Americas Cardroom Review","","Americas Cardroom review: The biggest US-facing poker room and home of the Venom. Bonus, banking, traffic, safety and a full verdict for US & Canadian players. Rated 4.7/5.","","https://onlinepokerwebsites.com/reviews/americas-cardroom/","","33","0","15","0","0","0","index, follow","index, follow, max-image-preview:large","","https://www.onlinepokerwebsites.com/reviews/americas-cardroom/","https://www.onlinepokerwebsites.com/reviews/americas-cardroom/","","","","",""
"https://www.onlinepokerwebsites.com/news/","200","OK","859","0","","","Poker News — US & Canada Online Poker Updates | Online Poker Websites","","Online poker news for US & Canada","","The latest online poker news, analysis and updates for US and Canadian players — operators, tournaments, crypto banking, legality and bonuses. Updated regularly.","","https://onlinepokerwebsites.com/news/","","33","0","33","0","0","0","index, follow","index, follow, max-image-preview:large","","https://www.onlinepokerwebsites.com/news/","https://www.onlinepokerwebsites.com/news/","","","","",""
"https://www.onlinepokerwebsites.com/responsible-gambling/","200","OK","327","0","","","Responsible Gambling | Online Poker Websites","","Responsible Gambling","","Play poker safely: set limits, recognise the warning signs of problem gambling, and find support helplines in the US and Canada.","","https://onlinepokerwebsites.com/responsible-gambling/","","33","0","14","0","0","0","index, follow","index, follow, max-image-preview:large","","https://www.onlinepokerwebsites.com/responsible-gambling/","https://www.onlinepokerwebsites.com/responsible-gambling/","","","","",""
"https://www.onlinepokerwebsites.com/guides/poker-bonuses-explained/","200","OK","649","0","","","Poker Bonuses Explained: How Welcome Offers Really Work | Online Poker Websites","","Poker Bonuses Explained","","How online poker welcome bonuses and rakeback actually work — clearing requirements, promo codes, reloads and how to compare real value. A no-nonsense 2026 guide.","","https://onlinepokerwebsites.com/guides/poker-bonuses-explained/","","33","0","15","0","0","0","index, follow","index, follow, max-image-preview:large","","https://www.onlinepokerwebsites.com/guides/poker-bonuses-explained/","https://www.onlinepokerwebsites.com/guides/poker-bonuses-explained/","","","","",""
"https://www.onlinepokerwebsites.com/guides/canada-online-poker/","200","OK","496","0","","","Online Poker in Canada: Legality, Provinces & Best Sites (2026) | Online Poker Websites","","Online Poker in Canada","","Where Canadians can play online poker in 2026: federal and provincial law, Ontario's regulated market, offshore options and CAD-friendly banking. Not legal advice.","","https://onlinepokerwebsites.com/guides/canada-online-poker/","","33","0","15","0","0","0","index, follow","index, follow, max-image-preview:large","","https://www.onlinepokerwebsites.com/guides/canada-online-poker/","https://www.onlinepokerwebsites.com/guides/canada-online-poker/","","","","",""
"https://www.onlinepokerwebsites.com/reviews/betonline-poker/","200","OK","870","0","","","BetOnline Poker Review 2026 — 100% up to $1,000 Bonus | Online Poker Websites","","BetOnline Poker Review","","BetOnline Poker review: Crypto-first poker plus a full sportsbook and casino under one roof. Bonus, banking, traffic, safety and a full verdict for US & Canadian players. Rated 4.5/5.","","https://onlinepokerwebsites.com/reviews/betonline-poker/","","33","0","15","0","0","0","index, follow","index, follow, max-image-preview:large","","https://www.onlinepokerwebsites.com/reviews/betonline-poker/","https://www.onlinepokerwebsites.com/reviews/betonline-poker/","","","","",""
"https://www.onlinepokerwebsites.com/news/sportsbetting-ag-poker-crossover-2026/","200","OK","1184","0","","","SportsBetting.ag for Poker Players (2026): A Practical Look | Online Poker Websites","","SportsBetting.ag for Poker Players: The Sportsbook-First Room, Reviewed","","SportsBetting.ag is best known for its sportsbook, but it runs full Chico Network poker too. Here's what poker players get, and who the crossover room suits in 2026.","","https://onlinepokerwebsites.com/news/sportsbetting-ag-poker-crossover-2026/","","2","0","19","0","0","0","index, follow","index, follow, max-image-preview:large","","https://www.onlinepokerwebsites.com/news/sportsbetting-ag-poker-crossover-2026/","https://www.onlinepokerwebsites.com/news/sportsbetting-ag-poker-crossover-2026/","","","","",""
"https://www.onlinepokerwebsites.com/news/stablecoins-poker-bankrolls-mainstream-2026/","200","OK","819","0","","","Stablecoins for Poker Bankrolls: Why USDC & USDT Went Mainstream | Online Poker Websites","","Stablecoins and Poker Bankrolls: USDC and USDT Go Mainstream","","Stablecoins have become the smart way to hold an online poker bankroll — dollar-pegged, fast and fee-free. Here's why USDC and USDT took over, and how to use them.","","https://onlinepokerwebsites.com/news/stablecoins-poker-bankrolls-mainstream-2026/","","2","0","19","0","0","0","index, follow","index, follow, max-image-preview:large","","https://www.onlinepokerwebsites.com/news/stablecoins-poker-bankrolls-mainstream-2026/","https://www.onlinepokerwebsites.com/news/stablecoins-poker-bankrolls-mainstream-2026/","","","","",""
"https://www.onlinepokerwebsites.com/news/acr-venom-2026-record-guarantees/","200","OK","1022","0","","","ACR Venom 2026: Record Guarantees Explained for US Poker Players | Online Poker Websites","","ACR's Venom Series Returns Bigger in 2026: What Record Guarantees Mean for US Players","","Americas Cardroom's Venom is back with its largest guarantees yet. We break down the schedule, satellites and what the numbers mean for US and Canadian players in 2026.","","https://onlinepokerwebsites.com/news/acr-venom-2026-record-guarantees/","","2","0","19","0","0","0","index, follow","index, follow, max-image-preview:large","","https://www.onlinepokerwebsites.com/news/acr-venom-2026-record-guarantees/","https://www.onlinepokerwebsites.com/news/acr-venom-2026-record-guarantees/","","","","",""
"https://www.onlinepokerwebsites.com/news/chico-vs-winning-poker-network-2026/","200","OK","814","0","","","Chico vs Winning Poker Network 2026: Which Is Better for You? | Online Poker Websites","","Chico Network vs. Winning Poker Network: Where Should You Play in 2026?","","The two biggest US-facing poker networks compared: traffic, games, bonuses, banking and player type. A practical 2026 guide to choosing between Chico and WPN.","","https://onlinepokerwebsites.com/news/chico-vs-winning-poker-network-2026/","","2","0","19","0","0","0","index, follow","index, follow, max-image-preview:large","","https://www.onlinepokerwebsites.com/news/chico-vs-winning-poker-network-2026/","https://www.onlinepokerwebsites.com/news/chico-vs-winning-poker-network-2026/","","","","",""
"https://www.onlinepokerwebsites.com/news/crypto-default-offshore-poker-2026/","200","OK","892","0","","","Why Crypto Became the Default Banking Method at Poker Sites (2026) | Online Poker Websites","","Crypto Is Now the Default at Offshore Poker Sites — Here's Why It Matters","","Cryptocurrency has quietly become the standard way to deposit and withdraw at US-facing poker sites. Here's why, what it means for payout speed, and how to use it safely.","","https://onlinepokerwebsites.com/news/crypto-default-offshore-poker-2026/","","2","0","19","0","0","0","index, follow","index, follow, max-image-preview:large","","https://www.onlinepokerwebsites.com/news/crypto-default-offshore-poker-2026/","https://www.onlinepokerwebsites.com/news/crypto-default-offshore-poker-2026/","","","","",""
"https://www.onlinepokerwebsites.com/news/online-poker-tournament-guarantees-new-highs-2026/","200","OK","762","0","","","Online Poker Tournament Guarantees Reach New Highs in 2026 | Online Poker Websites","","Online Poker Tournament Guarantees Hit New Highs in 2026","","Guaranteed prize pools at US-facing poker sites keep climbing. We look at what's driving the growth, which series lead, and how players can capitalise sensibly.","","https://onlinepokerwebsites.com/news/online-poker-tournament-guarantees-new-highs-2026/","","2","0","19","0","0","0","index, follow","index, follow, max-image-preview:large","","https://www.onlinepokerwebsites.com/news/online-poker-tournament-guarantees-new-highs-2026/","https://www.onlinepokerwebsites.com/news/online-poker-tournament-guarantees-new-highs-2026/","","","","",""
"https://www.onlinepokerwebsites.com/news/tigergaming-cash-game-room-spotlight-2026/","200","OK","1068","0","","","TigerGaming 2026: The Underrated Chico Cash-Game Room | Online Poker Websites","","TigerGaming in 2026: The Underrated Chico Room for Cash-Game Grinders","","TigerGaming quietly offers one of the better cash-game experiences on the Chico Network. Here's what makes it worth a look for US and Canadian players in 2026.","","https://onlinepokerwebsites.com/news/tigergaming-cash-game-room-spotlight-2026/","","2","0","19","0","0","0","index, follow","index, follow, max-image-preview:large","","https://www.onlinepokerwebsites.com/news/tigergaming-cash-game-room-spotlight-2026/","https://www.onlinepokerwebsites.com/news/tigergaming-cash-game-room-spotlight-2026/","","","","",""
"https://www.onlinepokerwebsites.com/news/responsible-gambling-tools-improving-offshore-2026/","200","OK","792","0","","","Responsible Gambling Tools at Offshore Poker Sites: 2026 Update | Online Poker Websites","","Responsible Gambling Tools Are Getting Better at Offshore Rooms","","Deposit limits, cool-offs and self-exclusion are increasingly standard at offshore poker rooms. We look at what's available in 2026 and how to use these tools well.","","https://onlinepokerwebsites.com/news/responsible-gambling-tools-improving-offshore-2026/","","2","0","19","0","0","0","index, follow","index, follow, max-image-preview:large","","https://www.onlinepokerwebsites.com/news/responsible-gambling-tools-improving-offshore-2026/","https://www.onlinepokerwebsites.com/news/responsible-gambling-tools-improving-offshore-2026/","","","","",""
"https://www.onlinepokerwebsites.com/news/how-to-read-poker-welcome-bonus-2026/","200","OK","846","0","","","How to Read a Poker Welcome Bonus (2026): Avoid the Common Traps | Online Poker Websites","","How to Read a Poker Welcome Bonus Before You Deposit","","A '100% up to $2,000' bonus rarely means what newcomers think. Learn how to read poker welcome offers, clearing terms and real value before you deposit.","","https://onlinepokerwebsites.com/news/how-to-read-poker-welcome-bonus-2026/","","2","0","19","0","0","0","index, follow","index, follow, max-image-preview:large","","https://www.onlinepokerwebsites.com/news/how-to-read-poker-welcome-bonus-2026/","https://www.onlinepokerwebsites.com/news/how-to-read-poker-welcome-bonus-2026/","","","","",""
"https://www.onlinepokerwebsites.com/news/solvers-gto-recreational-players-2026/","200","OK","1032","0","","","Solvers & GTO in 2026: What It Means for Casual Players | Online Poker Websites","","Solvers, GTO and the Modern Online Grind: What It Means for Recreational Players","","Solver-driven 'GTO' play has reshaped online poker strategy. Here's what that actually means for recreational US and Canadian players — and how to compete in 2026.","","https://onlinepokerwebsites.com/news/solvers-gto-recreational-players-2026/","","2","0","19","0","0","0","index, follow","index, follow, max-image-preview:large","","https://www.onlinepokerwebsites.com/news/solvers-gto-recreational-players-2026/","https://www.onlinepokerwebsites.com/news/solvers-gto-recreational-players-2026/","","","","",""
"https://www.onlinepokerwebsites.com/news/black-chip-poker-rewards-explained-2026/","200","OK","769","0","","","Black Chip Poker Rewards 2026: Rakeback & Loyalty Explained | Online Poker Websites","","Black Chip Poker's Rewards, Explained: Rakeback, Tiers and Who Benefits","","Black Chip Poker pairs WPN traffic with a distinct rewards package. We explain its rakeback, loyalty tiers and who benefits most from choosing it over other WPN skins.","","https://onlinepokerwebsites.com/news/black-chip-poker-rewards-explained-2026/","","2","0","19","0","0","0","index, follow","index, follow, max-image-preview:large","","https://www.onlinepokerwebsites.com/news/black-chip-poker-rewards-explained-2026/","https://www.onlinepokerwebsites.com/news/black-chip-poker-rewards-explained-2026/","","","","",""
"https://www.onlinepokerwebsites.com/news/ontario-regulated-poker-lessons-2026/","200","OK","837","0","","","Ontario Online Poker in 2026: What Regulation Changed for Players | Online Poker Websites","","Ontario's Regulated Market Two Years On: Lessons for Canadian Poker Players","","Ontario's regulated iGaming market has reshaped online poker in Canada. Here's what changed, what Canadian players gained, and how it compares to offshore rooms.","","https://onlinepokerwebsites.com/news/ontario-regulated-poker-lessons-2026/","","2","0","19","0","0","0","index, follow","index, follow, max-image-preview:large","","https://www.onlinepokerwebsites.com/news/ontario-regulated-poker-lessons-2026/","https://www.onlinepokerwebsites.com/news/ontario-regulated-poker-lessons-2026/","","","","",""
"https://www.onlinepokerwebsites.com/news/first-online-poker-site-beginner-roadmap-2026/","200","OK","1094","0","","","Your First Online Poker Site: A 2026 Beginner's Roadmap | Online Poker Websites","","Choosing Your First Online Poker Site: A Beginner's Roadmap for 2026","","New to online poker in the US or Canada? This step-by-step 2026 roadmap covers legality, choosing a room, banking, bonuses and playing responsibly from day one.","","https://onlinepokerwebsites.com/news/first-online-poker-site-beginner-roadmap-2026/","","2","0","19","0","0","0","index, follow","index, follow, max-image-preview:large","","https://www.onlinepokerwebsites.com/news/first-online-poker-site-beginner-roadmap-2026/","https://www.onlinepokerwebsites.com/news/first-online-poker-site-beginner-roadmap-2026/","","","","",""
"https://www.onlinepokerwebsites.com/news/online-poker-bankroll-management-2026/","200","OK","1313","0","","","Poker Bankroll Management 2026: How Much You Really Need | Online Poker Websites","","Bankroll Management for Online Poker: How Much You Really Need in 2026","","Bankroll management is the single skill that keeps players in the game. Here's how much you really need for cash games and tournaments, and how to protect it in 2026.","","https://onlinepokerwebsites.com/news/online-poker-bankroll-management-2026/","","2","0","19","0","0","0","index, follow","index, follow, max-image-preview:large","","https://www.onlinepokerwebsites.com/news/online-poker-bankroll-management-2026/","https://www.onlinepokerwebsites.com/news/online-poker-bankroll-management-2026/","","","","",""
"https://www.onlinepokerwebsites.com/news/us-online-poker-2026-state-regulation-outlook/","200","OK","866","0","","","US Online Poker 2026: State Regulation Outlook & What It Means | Online Poker Websites","","US Online Poker in 2026: Which States Are Moving Toward Regulation","","A plain-English 2026 update on US online poker regulation — which states have legal rooms, which are debating it, and what it means for players today. Not legal advice.","","https://onlinepokerwebsites.com/news/us-online-poker-2026-state-regulation-outlook/","","2","0","19","0","0","0","index, follow","index, follow, max-image-preview:large","","https://www.onlinepokerwebsites.com/news/us-online-poker-2026-state-regulation-outlook/","https://www.onlinepokerwebsites.com/news/us-online-poker-2026-state-regulation-outlook/","","","","",""
"https://www.onlinepokerwebsites.com/news/vetting-offshore-poker-site-before-deposit-2026/","200","OK","1206","0","","","How to Vet an Offshore Poker Site Before You Deposit (2026) | Online Poker Websites","","How to Vet an Offshore Poker Site Before You Deposit","","Not every US-facing poker site deserves your money. Here's a practical 2026 checklist for vetting an offshore room's trust, banking and track record before you deposit.","","https://onlinepokerwebsites.com/news/vetting-offshore-poker-site-before-deposit-2026/","","5","0","19","0","0","0","index, follow","index, follow, max-image-preview:large","","https://www.onlinepokerwebsites.com/news/vetting-offshore-poker-site-before-deposit-2026/","https://www.onlinepokerwebsites.com/news/vetting-offshore-poker-site-before-deposit-2026/","","","","",""
