"Address","Indexability","Indexability Status","Crawl Depth","Link Score","Inlinks","Unique Inlinks","Unique JS Inlinks","% of Total","Outlinks","Unique Outlinks","Unique JS Outlinks","External Outlinks","Unique External Outlinks","Unique External JS Outlinks"
"https://www.onlinepokerwebsites.com/","Non-Indexable","Canonicalised","0","","209","33","0","100,000","62","22","0","0","0","0"
"https://www.onlinepokerwebsites.com/reviews/sportsbetting-ag/","Non-Indexable","Canonicalised","1","","46","33","0","100,000","37","15","0","0","0","0"
"https://www.onlinepokerwebsites.com/news/poker-tournament-formats-explained-2026/","Non-Indexable","Canonicalised","1","","21","21","0","63,640","41","19","0","0","0","0"
"https://www.onlinepokerwebsites.com/news/protecting-your-poker-account-security-2026/","Non-Indexable","Canonicalised","1","","21","21","0","63,640","42","19","0","0","0","0"
"https://www.onlinepokerwebsites.com/guides/us-poker-legality/","Non-Indexable","Canonicalised","1","","111","33","0","100,000","38","15","0","0","0","0"
"https://www.onlinepokerwebsites.com/news/multi-tabling-online-poker-how-many-tables-2026/","Non-Indexable","Canonicalised","1","","21","21","0","63,640","41","19","0","0","0","0"
"https://www.onlinepokerwebsites.com/guides/how-to-choose-a-poker-site/","Non-Indexable","Canonicalised","1","","63","33","0","100,000","42","15","0","0","0","0"
"https://www.onlinepokerwebsites.com/guides/deposits-and-withdrawals/","Non-Indexable","Canonicalised","1","","118","33","0","100,000","38","15","0","0","0","0"
"https://www.onlinepokerwebsites.com/about/","Non-Indexable","Canonicalised","1","","34","33","0","100,000","31","14","0","0","0","0"
"https://www.onlinepokerwebsites.com/reviews/tigergaming/","Non-Indexable","Canonicalised","1","","44","33","0","100,000","37","15","0","0","0","0"
"https://www.onlinepokerwebsites.com/reviews/black-chip-poker/","Non-Indexable","Canonicalised","1","","46","33","0","100,000","37","15","0","0","0","0"
"https://www.onlinepokerwebsites.com/reviews/americas-cardroom/","Non-Indexable","Canonicalised","1","","77","33","0","100,000","37","15","0","0","0","0"
"https://www.onlinepokerwebsites.com/news/","Non-Indexable","Canonicalised","1","","140","33","0","100,000","49","33","0","0","0","0"
"https://www.onlinepokerwebsites.com/responsible-gambling/","Non-Indexable","Canonicalised","1","","44","33","0","100,000","30","14","0","0","0","0"
"https://www.onlinepokerwebsites.com/guides/poker-bonuses-explained/","Non-Indexable","Canonicalised","1","","119","33","0","100,000","39","15","0","0","0","0"
"https://www.onlinepokerwebsites.com/guides/canada-online-poker/","Non-Indexable","Canonicalised","1","","110","33","0","100,000","38","15","0","0","0","0"
"https://www.onlinepokerwebsites.com/reviews/betonline-poker/","Non-Indexable","Canonicalised","1","","51","33","0","100,000","37","15","0","0","0","0"
"https://www.onlinepokerwebsites.com/news/sportsbetting-ag-poker-crossover-2026/","Non-Indexable","Canonicalised","2","","2","2","0","6,060","42","19","0","0","0","0"
"https://www.onlinepokerwebsites.com/news/stablecoins-poker-bankrolls-mainstream-2026/","Non-Indexable","Canonicalised","2","","2","2","0","6,060","42","19","0","0","0","0"
"https://www.onlinepokerwebsites.com/news/acr-venom-2026-record-guarantees/","Non-Indexable","Canonicalised","2","","2","2","0","6,060","42","19","0","0","0","0"
"https://www.onlinepokerwebsites.com/news/chico-vs-winning-poker-network-2026/","Non-Indexable","Canonicalised","2","","2","2","0","6,060","45","19","0","0","0","0"
"https://www.onlinepokerwebsites.com/news/crypto-default-offshore-poker-2026/","Non-Indexable","Canonicalised","2","","2","2","0","6,060","42","19","0","0","0","0"
"https://www.onlinepokerwebsites.com/news/online-poker-tournament-guarantees-new-highs-2026/","Non-Indexable","Canonicalised","2","","2","2","0","6,060","41","19","0","0","0","0"
"https://www.onlinepokerwebsites.com/news/tigergaming-cash-game-room-spotlight-2026/","Non-Indexable","Canonicalised","2","","2","2","0","6,060","42","19","0","0","0","0"
"https://www.onlinepokerwebsites.com/news/responsible-gambling-tools-improving-offshore-2026/","Non-Indexable","Canonicalised","2","","2","2","0","6,060","42","19","0","0","0","0"
"https://www.onlinepokerwebsites.com/news/how-to-read-poker-welcome-bonus-2026/","Non-Indexable","Canonicalised","2","","2","2","0","6,060","42","19","0","0","0","0"
"https://www.onlinepokerwebsites.com/news/solvers-gto-recreational-players-2026/","Non-Indexable","Canonicalised","2","","2","2","0","6,060","41","19","0","0","0","0"
"https://www.onlinepokerwebsites.com/news/black-chip-poker-rewards-explained-2026/","Non-Indexable","Canonicalised","2","","2","2","0","6,060","42","19","0","0","0","0"
"https://www.onlinepokerwebsites.com/news/ontario-regulated-poker-lessons-2026/","Non-Indexable","Canonicalised","2","","2","2","0","6,060","42","19","0","0","0","0"
"https://www.onlinepokerwebsites.com/news/first-online-poker-site-beginner-roadmap-2026/","Non-Indexable","Canonicalised","2","","2","2","0","6,060","43","19","0","0","0","0"
"https://www.onlinepokerwebsites.com/news/online-poker-bankroll-management-2026/","Non-Indexable","Canonicalised","2","","2","2","0","6,060","41","19","0","0","0","0"
"https://www.onlinepokerwebsites.com/news/us-online-poker-2026-state-regulation-outlook/","Non-Indexable","Canonicalised","2","","2","2","0","6,060","41","19","0","0","0","0"
"https://www.onlinepokerwebsites.com/news/vetting-offshore-poker-site-before-deposit-2026/","Non-Indexable","Canonicalised","2","","5","5","0","15,150","43","19","0","0","0","0"
