"Address","Status Code","Title 1"
"https://www.onlinepokerwebsites.com/","200","Best Online Poker Sites 2026 — Expert Reviews & Rankings"
"https://www.onlinepokerwebsites.com/reviews/sportsbetting-ag/","200","SportsBetting.ag Review 2026 — 100% up to $1,000 Bonus | Online Poker Websites"
"https://www.onlinepokerwebsites.com/news/poker-tournament-formats-explained-2026/","200","Poker Tournament Formats Explained (2026): A Player's Guide | Online Poker Websites"
"https://www.onlinepokerwebsites.com/news/protecting-your-poker-account-security-2026/","200","Online Poker Account Security 2026: Protect Your Funds | Online Poker Websites"
"https://www.onlinepokerwebsites.com/guides/us-poker-legality/","200","Is Online Poker Legal in the US? State-by-State (2026) | Online Poker Websites"
"https://www.onlinepokerwebsites.com/news/multi-tabling-online-poker-how-many-tables-2026/","200","Multi-Tabling Poker 2026: How Many Tables Should You Play? | Online Poker Websites"
"https://www.onlinepokerwebsites.com/guides/how-to-choose-a-poker-site/","200","How to Choose an Online Poker Site (2026 Guide) | Online Poker Websites"
"https://onlinepokerwebsites.com/","308",""
"https://www.onlinepokerwebsites.com/guides/deposits-and-withdrawals/","200","Poker Site Deposits & Withdrawals: Crypto, Cards & Payout Speeds | Online Poker Websites"
"https://www.onlinepokerwebsites.com/about/","200","About & Review Methodology | Online Poker Websites"
"https://www.onlinepokerwebsites.com/reviews/tigergaming/","200","TigerGaming Review 2026 — 100% up to $1,000 Bonus | Online Poker Websites"
"https://www.onlinepokerwebsites.com/reviews/black-chip-poker/","200","Black Chip Poker Review 2026 — 100% up to $2,000 Bonus | Online Poker Websites"
"https://www.onlinepokerwebsites.com/reviews/americas-cardroom/","200","Americas Cardroom Review 2026 — 100% up to $2,000 Bonus | Online Poker Websites"
"https://www.onlinepokerwebsites.com/news/","200","Poker News — US & Canada Online Poker Updates | Online Poker Websites"
"https://www.onlinepokerwebsites.com/responsible-gambling/","200","Responsible Gambling | Online Poker Websites"
"https://www.onlinepokerwebsites.com/guides/poker-bonuses-explained/","200","Poker Bonuses Explained: How Welcome Offers Really Work | Online Poker Websites"
"https://onlinepokerwebsites.com/guides/poker-bonuses-explained/","308",""
"https://onlinepokerwebsites.com/responsible-gambling/","308",""
"https://www.onlinepokerwebsites.com/guides/canada-online-poker/","200","Online Poker in Canada: Legality, Provinces & Best Sites (2026) | Online Poker Websites"
"https://onlinepokerwebsites.com/guides/canada-online-poker/","308",""
"https://www.onlinepokerwebsites.com/reviews/betonline-poker/","200","BetOnline Poker Review 2026 — 100% up to $1,000 Bonus | Online Poker Websites"
"https://www.onlinepokerwebsites.com/news/sportsbetting-ag-poker-crossover-2026/","200","SportsBetting.ag for Poker Players (2026): A Practical Look | Online Poker Websites"
"https://onlinepokerwebsites.com/reviews/betonline-poker/","308",""
"https://www.onlinepokerwebsites.com/news/stablecoins-poker-bankrolls-mainstream-2026/","200","Stablecoins for Poker Bankrolls: Why USDC & USDT Went Mainstream | Online Poker Websites"
"https://www.onlinepokerwebsites.com/news/acr-venom-2026-record-guarantees/","200","ACR Venom 2026: Record Guarantees Explained for US Poker Players | Online Poker Websites"
"https://www.onlinepokerwebsites.com/news/chico-vs-winning-poker-network-2026/","200","Chico vs Winning Poker Network 2026: Which Is Better for You? | Online Poker Websites"
"https://www.onlinepokerwebsites.com/news/crypto-default-offshore-poker-2026/","200","Why Crypto Became the Default Banking Method at Poker Sites (2026) | Online Poker Websites"
"https://www.onlinepokerwebsites.com/news/online-poker-tournament-guarantees-new-highs-2026/","200","Online Poker Tournament Guarantees Reach New Highs in 2026 | Online Poker Websites"
"https://www.onlinepokerwebsites.com/news/tigergaming-cash-game-room-spotlight-2026/","200","TigerGaming 2026: The Underrated Chico Cash-Game Room | Online Poker Websites"
"https://onlinepokerwebsites.com/news/","308",""
"https://www.onlinepokerwebsites.com/news/responsible-gambling-tools-improving-offshore-2026/","200","Responsible Gambling Tools at Offshore Poker Sites: 2026 Update | Online Poker Websites"
"https://www.onlinepokerwebsites.com/news/how-to-read-poker-welcome-bonus-2026/","200","How to Read a Poker Welcome Bonus (2026): Avoid the Common Traps | Online Poker Websites"
"https://www.onlinepokerwebsites.com/news/solvers-gto-recreational-players-2026/","200","Solvers & GTO in 2026: What It Means for Casual Players | Online Poker Websites"
"https://www.onlinepokerwebsites.com/news/black-chip-poker-rewards-explained-2026/","200","Black Chip Poker Rewards 2026: Rakeback & Loyalty Explained | Online Poker Websites"
"https://www.onlinepokerwebsites.com/news/ontario-regulated-poker-lessons-2026/","200","Ontario Online Poker in 2026: What Regulation Changed for Players | Online Poker Websites"
"https://www.onlinepokerwebsites.com/news/first-online-poker-site-beginner-roadmap-2026/","200","Your First Online Poker Site: A 2026 Beginner's Roadmap | Online Poker Websites"
"https://www.onlinepokerwebsites.com/news/online-poker-bankroll-management-2026/","200","Poker Bankroll Management 2026: How Much You Really Need | Online Poker Websites"
"https://onlinepokerwebsites.com/reviews/americas-cardroom/","308",""
"https://onlinepokerwebsites.com/reviews/tigergaming/","308",""
"https://onlinepokerwebsites.com/reviews/black-chip-poker/","308",""
"https://onlinepokerwebsites.com/guides/deposits-and-withdrawals/","308",""
"https://www.onlinepokerwebsites.com/news/us-online-poker-2026-state-regulation-outlook/","200","US Online Poker 2026: State Regulation Outlook & What It Means | Online Poker Websites"
"https://onlinepokerwebsites.com/guides/how-to-choose-a-poker-site/","308",""
"https://onlinepokerwebsites.com/about/","308",""
"https://onlinepokerwebsites.com/news/multi-tabling-online-poker-how-many-tables-2026/","308",""
"https://onlinepokerwebsites.com/guides/us-poker-legality/","308",""
"https://onlinepokerwebsites.com/news/poker-tournament-formats-explained-2026/","308",""
"https://onlinepokerwebsites.com/news/protecting-your-poker-account-security-2026/","308",""
"https://onlinepokerwebsites.com/reviews/sportsbetting-ag/","308",""
"https://onlinepokerwebsites.com/news/us-online-poker-2026-state-regulation-outlook/","308",""
"https://www.onlinepokerwebsites.com/news/vetting-offshore-poker-site-before-deposit-2026/","200","How to Vet an Offshore Poker Site Before You Deposit (2026) | Online Poker Websites"
"https://onlinepokerwebsites.com/news/online-poker-bankroll-management-2026/","308",""
"https://onlinepokerwebsites.com/news/first-online-poker-site-beginner-roadmap-2026/","308",""
"https://onlinepokerwebsites.com/news/ontario-regulated-poker-lessons-2026/","308",""
"https://onlinepokerwebsites.com/news/vetting-offshore-poker-site-before-deposit-2026/","308",""
"https://onlinepokerwebsites.com/news/black-chip-poker-rewards-explained-2026/","308",""
"https://onlinepokerwebsites.com/news/solvers-gto-recreational-players-2026/","308",""
"https://onlinepokerwebsites.com/news/how-to-read-poker-welcome-bonus-2026/","308",""
"https://onlinepokerwebsites.com/news/responsible-gambling-tools-improving-offshore-2026/","308",""
"https://onlinepokerwebsites.com/news/online-poker-tournament-guarantees-new-highs-2026/","308",""
"https://onlinepokerwebsites.com/news/tigergaming-cash-game-room-spotlight-2026/","308",""
"https://onlinepokerwebsites.com/news/chico-vs-winning-poker-network-2026/","308",""
"https://onlinepokerwebsites.com/news/acr-venom-2026-record-guarantees/","308",""
"https://onlinepokerwebsites.com/news/sportsbetting-ag-poker-crossover-2026/","308",""
"https://onlinepokerwebsites.com/news/stablecoins-poker-bankrolls-mainstream-2026/","308",""
"https://onlinepokerwebsites.com/news/crypto-default-offshore-poker-2026/","308",""
