"Address","Occurrences","Meta Description 1","Meta Description 1 Length","Meta Description 1 Pixel Width","Indexability","Indexability Status"
"https://www.onlinepokerwebsites.com/","1","Compare the best online poker sites for US and Canadian players in 2026. Independent reviews of Americas Cardroom, BetOnline, Black Chip Poker, TigerGaming & SportsBetting.ag — bonuses, traffic, banking and safety.","214","1352","Non-Indexable","Canonicalised"
"https://www.onlinepokerwebsites.com/reviews/sportsbetting-ag/","1","SportsBetting.ag review: BetOnline's sister room — same pool, same fast crypto banking. Bonus, banking, traffic, safety and a full verdict for US & Canadian players. Rated 4.3/5.","178","1088","Non-Indexable","Canonicalised"
"https://www.onlinepokerwebsites.com/news/poker-tournament-formats-explained-2026/","1","Freezeout, rebuy, bounty, mystery bounty, turbo, PKO — online poker tournament formats decoded, so US and Canadian players can pick the right events in 2026.","157","993","Non-Indexable","Canonicalised"
"https://www.onlinepokerwebsites.com/news/protecting-your-poker-account-security-2026/","1","At offshore rooms your account security is on you. Here's a practical 2026 checklist — passwords, 2FA, crypto wallet hygiene and scam-spotting — to protect your funds.","167","1039","Non-Indexable","Canonicalised"
"https://www.onlinepokerwebsites.com/guides/us-poker-legality/","1","A plain-English guide to US online poker law in 2026: regulated states, the offshore option, what federal law actually says, and what it all means for players. Not legal advice.","177","1057","Non-Indexable","Canonicalised"
"https://www.onlinepokerwebsites.com/news/multi-tabling-online-poker-how-many-tables-2026/","1","Playing more tables can multiply your volume and rewards — or your mistakes. Here's how to find your right number of tables for US-facing online poker in 2026.","159","984","Non-Indexable","Canonicalised"
"https://www.onlinepokerwebsites.com/guides/how-to-choose-a-poker-site/","1","The 9 factors that actually matter when picking an online poker site — traffic, safety, bonuses, banking, rake and more. A practical guide for US and Canadian players.","167","1017","Non-Indexable","Canonicalised"
"https://www.onlinepokerwebsites.com/guides/deposits-and-withdrawals/","1","The fastest, cheapest ways to deposit and cash out at online poker sites — cryptocurrency, cards and vouchers — plus payout speeds, fees and security tips for US & Canadian players.","181","1125","Non-Indexable","Canonicalised"
"https://www.onlinepokerwebsites.com/about/","1","How Online Poker Websites reviews and ranks poker sites for US and Canadian players — our methodology, editorial independence and advertiser disclosure.","152","963","Non-Indexable","Canonicalised"
"https://www.onlinepokerwebsites.com/reviews/tigergaming/","1","TigerGaming review: A Chico room with a clear, tiered rakeback ladder for regulars. Bonus, banking, traffic, safety and a full verdict for US & Canadian players. Rated 4.1/5.","174","1050","Non-Indexable","Canonicalised"
"https://www.onlinepokerwebsites.com/reviews/black-chip-poker/","1","Black Chip Poker review: A WPN room with rich promotions and one of the biggest weekly schedules. Bonus, banking, traffic, safety and a full verdict for US & Canadian players. Rated 4.4/5.","188","1160","Non-Indexable","Canonicalised"
"https://www.onlinepokerwebsites.com/reviews/americas-cardroom/","1","Americas Cardroom review: The biggest US-facing poker room and home of the Venom. Bonus, banking, traffic, safety and a full verdict for US & Canadian players. Rated 4.7/5.","172","1079","Non-Indexable","Canonicalised"
"https://www.onlinepokerwebsites.com/news/","1","The latest online poker news, analysis and updates for US and Canadian players — operators, tournaments, crypto banking, legality and bonuses. Updated regularly.","161","1010","Non-Indexable","Canonicalised"
"https://www.onlinepokerwebsites.com/responsible-gambling/","1","Play poker safely: set limits, recognise the warning signs of problem gambling, and find support helplines in the US and Canada.","128","782","Non-Indexable","Canonicalised"
"https://www.onlinepokerwebsites.com/guides/poker-bonuses-explained/","1","How online poker welcome bonuses and rakeback actually work — clearing requirements, promo codes, reloads and how to compare real value. A no-nonsense 2026 guide.","162","1052","Non-Indexable","Canonicalised"
"https://www.onlinepokerwebsites.com/guides/canada-online-poker/","1","Where Canadians can play online poker in 2026: federal and provincial law, Ontario's regulated market, offshore options and CAD-friendly banking. Not legal advice.","163","1004","Non-Indexable","Canonicalised"
"https://www.onlinepokerwebsites.com/reviews/betonline-poker/","1","BetOnline Poker review: Crypto-first poker plus a full sportsbook and casino under one roof. Bonus, banking, traffic, safety and a full verdict for US & Canadian players. Rated 4.5/5.","183","1104","Non-Indexable","Canonicalised"
"https://www.onlinepokerwebsites.com/news/sportsbetting-ag-poker-crossover-2026/","1","SportsBetting.ag is best known for its sportsbook, but it runs full Chico Network poker too. Here's what poker players get, and who the crossover room suits in 2026.","165","1012","Non-Indexable","Canonicalised"
"https://www.onlinepokerwebsites.com/news/stablecoins-poker-bankrolls-mainstream-2026/","1","Stablecoins have become the smart way to hold an online poker bankroll — dollar-pegged, fast and fee-free. Here's why USDC and USDT took over, and how to use them.","163","1032","Non-Indexable","Canonicalised"
"https://www.onlinepokerwebsites.com/news/acr-venom-2026-record-guarantees/","1","Americas Cardroom's Venom is back with its largest guarantees yet. We break down the schedule, satellites and what the numbers mean for US and Canadian players in 2026.","168","1073","Non-Indexable","Canonicalised"
"https://www.onlinepokerwebsites.com/news/chico-vs-winning-poker-network-2026/","1","The two biggest US-facing poker networks compared: traffic, games, bonuses, banking and player type. A practical 2026 guide to choosing between Chico and WPN.","158","1012","Non-Indexable","Canonicalised"
"https://www.onlinepokerwebsites.com/news/crypto-default-offshore-poker-2026/","1","Cryptocurrency has quietly become the standard way to deposit and withdraw at US-facing poker sites. Here's why, what it means for payout speed, and how to use it safely.","170","1065","Non-Indexable","Canonicalised"
"https://www.onlinepokerwebsites.com/news/online-poker-tournament-guarantees-new-highs-2026/","1","Guaranteed prize pools at US-facing poker sites keep climbing. We look at what's driving the growth, which series lead, and how players can capitalise sensibly.","160","975","Non-Indexable","Canonicalised"
"https://www.onlinepokerwebsites.com/news/tigergaming-cash-game-room-spotlight-2026/","1","TigerGaming quietly offers one of the better cash-game experiences on the Chico Network. Here's what makes it worth a look for US and Canadian players in 2026.","159","1000","Non-Indexable","Canonicalised"
"https://www.onlinepokerwebsites.com/news/responsible-gambling-tools-improving-offshore-2026/","1","Deposit limits, cool-offs and self-exclusion are increasingly standard at offshore poker rooms. We look at what's available in 2026 and how to use these tools well.","164","993","Non-Indexable","Canonicalised"
"https://www.onlinepokerwebsites.com/news/how-to-read-poker-welcome-bonus-2026/","1","A '100% up to $2,000' bonus rarely means what newcomers think. Learn how to read poker welcome offers, clearing terms and real value before you deposit.","152","961","Non-Indexable","Canonicalised"
"https://www.onlinepokerwebsites.com/news/solvers-gto-recreational-players-2026/","1","Solver-driven 'GTO' play has reshaped online poker strategy. Here's what that actually means for recreational US and Canadian players — and how to compete in 2026.","163","1023","Non-Indexable","Canonicalised"
"https://www.onlinepokerwebsites.com/news/black-chip-poker-rewards-explained-2026/","1","Black Chip Poker pairs WPN traffic with a distinct rewards package. We explain its rakeback, loyalty tiers and who benefits most from choosing it over other WPN skins.","167","1029","Non-Indexable","Canonicalised"
"https://www.onlinepokerwebsites.com/news/ontario-regulated-poker-lessons-2026/","1","Ontario's regulated iGaming market has reshaped online poker in Canada. Here's what changed, what Canadian players gained, and how it compares to offshore rooms.","161","1037","Non-Indexable","Canonicalised"
"https://www.onlinepokerwebsites.com/news/first-online-poker-site-beginner-roadmap-2026/","1","New to online poker in the US or Canada? This step-by-step 2026 roadmap covers legality, choosing a room, banking, bonuses and playing responsibly from day one.","160","1012","Non-Indexable","Canonicalised"
"https://www.onlinepokerwebsites.com/news/online-poker-bankroll-management-2026/","1","Bankroll management is the single skill that keeps players in the game. Here's how much you really need for cash games and tournaments, and how to protect it in 2026.","166","1035","Non-Indexable","Canonicalised"
"https://www.onlinepokerwebsites.com/news/us-online-poker-2026-state-regulation-outlook/","1","A plain-English 2026 update on US online poker regulation — which states have legal rooms, which are debating it, and what it means for players today. Not legal advice.","168","1033","Non-Indexable","Canonicalised"
"https://www.onlinepokerwebsites.com/news/vetting-offshore-poker-site-before-deposit-2026/","1","Not every US-facing poker site deserves your money. Here's a practical 2026 checklist for vetting an offshore room's trust, banking and track record before you deposit.","168","1027","Non-Indexable","Canonicalised"
