"Address","PSI Request Status","Mobile Alternate Link"
"https://www.onlinepokerwebsites.com/","",""
"https://www.onlinepokerwebsites.com/reviews/sportsbetting-ag/","",""
"https://www.onlinepokerwebsites.com/news/poker-tournament-formats-explained-2026/","",""
"https://www.onlinepokerwebsites.com/news/protecting-your-poker-account-security-2026/","",""
"https://www.onlinepokerwebsites.com/guides/us-poker-legality/","",""
"https://www.onlinepokerwebsites.com/news/multi-tabling-online-poker-how-many-tables-2026/","",""
"https://www.onlinepokerwebsites.com/guides/how-to-choose-a-poker-site/","",""
"https://www.onlinepokerwebsites.com/guides/deposits-and-withdrawals/","",""
"https://www.onlinepokerwebsites.com/about/","",""
"https://www.onlinepokerwebsites.com/reviews/tigergaming/","",""
"https://www.onlinepokerwebsites.com/reviews/black-chip-poker/","",""
"https://www.onlinepokerwebsites.com/reviews/americas-cardroom/","",""
"https://www.onlinepokerwebsites.com/news/","",""
"https://www.onlinepokerwebsites.com/responsible-gambling/","",""
"https://www.onlinepokerwebsites.com/guides/poker-bonuses-explained/","",""
"https://www.onlinepokerwebsites.com/guides/canada-online-poker/","",""
"https://www.onlinepokerwebsites.com/reviews/betonline-poker/","",""
"https://www.onlinepokerwebsites.com/news/sportsbetting-ag-poker-crossover-2026/","",""
"https://www.onlinepokerwebsites.com/news/stablecoins-poker-bankrolls-mainstream-2026/","",""
"https://www.onlinepokerwebsites.com/news/acr-venom-2026-record-guarantees/","",""
"https://www.onlinepokerwebsites.com/news/chico-vs-winning-poker-network-2026/","",""
"https://www.onlinepokerwebsites.com/news/crypto-default-offshore-poker-2026/","",""
"https://www.onlinepokerwebsites.com/news/online-poker-tournament-guarantees-new-highs-2026/","",""
"https://www.onlinepokerwebsites.com/news/tigergaming-cash-game-room-spotlight-2026/","",""
"https://www.onlinepokerwebsites.com/news/responsible-gambling-tools-improving-offshore-2026/","",""
"https://www.onlinepokerwebsites.com/news/how-to-read-poker-welcome-bonus-2026/","",""
"https://www.onlinepokerwebsites.com/news/solvers-gto-recreational-players-2026/","",""
"https://www.onlinepokerwebsites.com/news/black-chip-poker-rewards-explained-2026/","",""
"https://www.onlinepokerwebsites.com/news/ontario-regulated-poker-lessons-2026/","",""
"https://www.onlinepokerwebsites.com/news/first-online-poker-site-beginner-roadmap-2026/","",""
"https://www.onlinepokerwebsites.com/news/online-poker-bankroll-management-2026/","",""
"https://www.onlinepokerwebsites.com/news/us-online-poker-2026-state-regulation-outlook/","",""
"https://www.onlinepokerwebsites.com/news/vetting-offshore-poker-site-before-deposit-2026/","",""
