"Address","Occurrences","Title 1","Title 1 Length","Title 1 Pixel Width","Indexability","Indexability Status"
"https://www.onlinepokerwebsites.com/","1","Best Online Poker Sites 2026 — Expert Reviews & Rankings","56","523","Non-Indexable","Canonicalised"
"https://www.onlinepokerwebsites.com/reviews/sportsbetting-ag/","1","SportsBetting.ag Review 2026 — 100% up to $1,000 Bonus | Online Poker Websites","78","732","Non-Indexable","Canonicalised"
"https://www.onlinepokerwebsites.com/news/poker-tournament-formats-explained-2026/","1","Poker Tournament Formats Explained (2026): A Player's Guide | Online Poker Websites","83","772","Non-Indexable","Canonicalised"
"https://www.onlinepokerwebsites.com/news/protecting-your-poker-account-security-2026/","1","Online Poker Account Security 2026: Protect Your Funds | Online Poker Websites","78","716","Non-Indexable","Canonicalised"
"https://www.onlinepokerwebsites.com/guides/us-poker-legality/","1","Is Online Poker Legal in the US? State-by-State (2026) | Online Poker Websites","78","695","Non-Indexable","Canonicalised"
"https://www.onlinepokerwebsites.com/news/multi-tabling-online-poker-how-many-tables-2026/","1","Multi-Tabling Poker 2026: How Many Tables Should You Play? | Online Poker Websites","82","765","Non-Indexable","Canonicalised"
"https://www.onlinepokerwebsites.com/guides/how-to-choose-a-poker-site/","1","How to Choose an Online Poker Site (2026 Guide) | Online Poker Websites","71","658","Non-Indexable","Canonicalised"
"https://www.onlinepokerwebsites.com/guides/deposits-and-withdrawals/","1","Poker Site Deposits & Withdrawals: Crypto, Cards & Payout Speeds | Online Poker Websites","88","809","Non-Indexable","Canonicalised"
"https://www.onlinepokerwebsites.com/about/","1","About & Review Methodology | Online Poker Websites","50","476","Non-Indexable","Canonicalised"
"https://www.onlinepokerwebsites.com/reviews/tigergaming/","1","TigerGaming Review 2026 — 100% up to $1,000 Bonus | Online Poker Websites","73","699","Non-Indexable","Canonicalised"
"https://www.onlinepokerwebsites.com/reviews/black-chip-poker/","1","Black Chip Poker Review 2026 — 100% up to $2,000 Bonus | Online Poker Websites","78","733","Non-Indexable","Canonicalised"
"https://www.onlinepokerwebsites.com/reviews/americas-cardroom/","1","Americas Cardroom Review 2026 — 100% up to $2,000 Bonus | Online Poker Websites","79","762","Non-Indexable","Canonicalised"
"https://www.onlinepokerwebsites.com/news/","1","Poker News — US & Canada Online Poker Updates | Online Poker Websites","69","663","Non-Indexable","Canonicalised"
"https://www.onlinepokerwebsites.com/responsible-gambling/","1","Responsible Gambling | Online Poker Websites","44","416","Non-Indexable","Canonicalised"
"https://www.onlinepokerwebsites.com/guides/poker-bonuses-explained/","1","Poker Bonuses Explained: How Welcome Offers Really Work | Online Poker Websites","79","750","Non-Indexable","Canonicalised"
"https://www.onlinepokerwebsites.com/guides/canada-online-poker/","1","Online Poker in Canada: Legality, Provinces & Best Sites (2026) | Online Poker Websites","87","777","Non-Indexable","Canonicalised"
"https://www.onlinepokerwebsites.com/reviews/betonline-poker/","1","BetOnline Poker Review 2026 — 100% up to $1,000 Bonus | Online Poker Websites","77","727","Non-Indexable","Canonicalised"
"https://www.onlinepokerwebsites.com/news/sportsbetting-ag-poker-crossover-2026/","1","SportsBetting.ag for Poker Players (2026): A Practical Look | Online Poker Websites","83","742","Non-Indexable","Canonicalised"
"https://www.onlinepokerwebsites.com/news/stablecoins-poker-bankrolls-mainstream-2026/","1","Stablecoins for Poker Bankrolls: Why USDC & USDT Went Mainstream | Online Poker Websites","88","836","Non-Indexable","Canonicalised"
"https://www.onlinepokerwebsites.com/news/acr-venom-2026-record-guarantees/","1","ACR Venom 2026: Record Guarantees Explained for US Poker Players | Online Poker Websites","88","833","Non-Indexable","Canonicalised"
"https://www.onlinepokerwebsites.com/news/chico-vs-winning-poker-network-2026/","1","Chico vs Winning Poker Network 2026: Which Is Better for You? | Online Poker Websites","85","778","Non-Indexable","Canonicalised"
"https://www.onlinepokerwebsites.com/news/crypto-default-offshore-poker-2026/","1","Why Crypto Became the Default Banking Method at Poker Sites (2026) | Online Poker Websites","90","842","Non-Indexable","Canonicalised"
"https://www.onlinepokerwebsites.com/news/online-poker-tournament-guarantees-new-highs-2026/","1","Online Poker Tournament Guarantees Reach New Highs in 2026 | Online Poker Websites","82","786","Non-Indexable","Canonicalised"
"https://www.onlinepokerwebsites.com/news/tigergaming-cash-game-room-spotlight-2026/","1","TigerGaming 2026: The Underrated Chico Cash-Game Room | Online Poker Websites","77","753","Non-Indexable","Canonicalised"
"https://www.onlinepokerwebsites.com/news/responsible-gambling-tools-improving-offshore-2026/","1","Responsible Gambling Tools at Offshore Poker Sites: 2026 Update | Online Poker Websites","87","806","Non-Indexable","Canonicalised"
"https://www.onlinepokerwebsites.com/news/how-to-read-poker-welcome-bonus-2026/","1","How to Read a Poker Welcome Bonus (2026): Avoid the Common Traps | Online Poker Websites","88","852","Non-Indexable","Canonicalised"
"https://www.onlinepokerwebsites.com/news/solvers-gto-recreational-players-2026/","1","Solvers & GTO in 2026: What It Means for Casual Players | Online Poker Websites","79","721","Non-Indexable","Canonicalised"
"https://www.onlinepokerwebsites.com/news/black-chip-poker-rewards-explained-2026/","1","Black Chip Poker Rewards 2026: Rakeback & Loyalty Explained | Online Poker Websites","83","770","Non-Indexable","Canonicalised"
"https://www.onlinepokerwebsites.com/news/ontario-regulated-poker-lessons-2026/","1","Ontario Online Poker in 2026: What Regulation Changed for Players | Online Poker Websites","89","814","Non-Indexable","Canonicalised"
"https://www.onlinepokerwebsites.com/news/first-online-poker-site-beginner-roadmap-2026/","1","Your First Online Poker Site: A 2026 Beginner's Roadmap | Online Poker Websites","79","721","Non-Indexable","Canonicalised"
"https://www.onlinepokerwebsites.com/news/online-poker-bankroll-management-2026/","1","Poker Bankroll Management 2026: How Much You Really Need | Online Poker Websites","80","772","Non-Indexable","Canonicalised"
"https://www.onlinepokerwebsites.com/news/us-online-poker-2026-state-regulation-outlook/","1","US Online Poker 2026: State Regulation Outlook & What It Means | Online Poker Websites","86","793","Non-Indexable","Canonicalised"
"https://www.onlinepokerwebsites.com/news/vetting-offshore-poker-site-before-deposit-2026/","1","How to Vet an Offshore Poker Site Before You Deposit (2026) | Online Poker Websites","83","762","Non-Indexable","Canonicalised"
