"Address","Content Type","Status Code","Status","Indexability","Indexability Status","Inlinks","Response Time","Redirect URL","Redirect Type"
"https://www.onlinepokerwebsites.com/","text/html; charset=utf-8","200","OK","Non-Indexable","Canonicalised","209","0,212","",""
"https://www.onlinepokerwebsites.com/_next/static/chunks/972-f708ded502b3627d.js?dpl=dpl_MzgMbZCtmwSCwn1jhfoWPreUJPEv","application/javascript; charset=utf-8","200","OK","Indexable","","0","0,085","",""
"https://www.onlinepokerwebsites.com/_next/static/chunks/app/page-12534985cea52c48.js?dpl=dpl_MzgMbZCtmwSCwn1jhfoWPreUJPEv","application/javascript; charset=utf-8","200","OK","Indexable","","0","0,147","",""
"https://www.onlinepokerwebsites.com/reviews/sportsbetting-ag/","text/html; charset=utf-8","200","OK","Non-Indexable","Canonicalised","46","0,302","",""
"https://www.onlinepokerwebsites.com/news/poker-tournament-formats-explained-2026/","text/html; charset=utf-8","200","OK","Non-Indexable","Canonicalised","21","0,340","",""
"https://www.onlinepokerwebsites.com/news/protecting-your-poker-account-security-2026/","text/html; charset=utf-8","200","OK","Non-Indexable","Canonicalised","21","0,366","",""
"https://www.onlinepokerwebsites.com/guides/us-poker-legality/","text/html; charset=utf-8","200","OK","Non-Indexable","Canonicalised","111","0,307","",""
"https://www.onlinepokerwebsites.com/_next/static/chunks/webpack-8658fdbc42bfbbae.js?dpl=dpl_MzgMbZCtmwSCwn1jhfoWPreUJPEv","application/javascript; charset=utf-8","200","OK","Indexable","","0","0,106","",""
"https://www.onlinepokerwebsites.com/news/multi-tabling-online-poker-how-many-tables-2026/","text/html; charset=utf-8","200","OK","Non-Indexable","Canonicalised","21","0,360","",""
"https://www.onlinepokerwebsites.com/_next/static/chunks/fd9d1056-aa94ea5c2eabf904.js?dpl=dpl_MzgMbZCtmwSCwn1jhfoWPreUJPEv","application/javascript; charset=utf-8","200","OK","Indexable","","0","0,235","",""
"https://www.onlinepokerwebsites.com/guides/how-to-choose-a-poker-site/","text/html; charset=utf-8","200","OK","Non-Indexable","Canonicalised","63","0,260","",""
"https://onlinepokerwebsites.com/","text/html","308","Permanent Redirect","Non-Indexable","Redirected","0","0,154","https://www.onlinepokerwebsites.com/","HTTP Redirect"
"https://www.onlinepokerwebsites.com/_next/static/chunks/main-app-2dcde4753ea0d175.js?dpl=dpl_MzgMbZCtmwSCwn1jhfoWPreUJPEv","application/javascript; charset=utf-8","200","OK","Indexable","","0","0,085","",""
"https://www.onlinepokerwebsites.com/guides/deposits-and-withdrawals/","text/html; charset=utf-8","200","OK","Non-Indexable","Canonicalised","118","0,259","",""
"https://www.onlinepokerwebsites.com/about/","text/html; charset=utf-8","200","OK","Non-Indexable","Canonicalised","34","0,186","",""
"https://www.onlinepokerwebsites.com/reviews/tigergaming/","text/html; charset=utf-8","200","OK","Non-Indexable","Canonicalised","44","0,323","",""
"https://www.onlinepokerwebsites.com/reviews/black-chip-poker/","text/html; charset=utf-8","200","OK","Non-Indexable","Canonicalised","46","0,245","",""
"https://www.onlinepokerwebsites.com/_next/static/css/ac9e642a8cc62d1d.css?dpl=dpl_MzgMbZCtmwSCwn1jhfoWPreUJPEv","text/css; charset=utf-8","200","OK","Indexable","","0","0,230","",""
"https://www.onlinepokerwebsites.com/reviews/americas-cardroom/","text/html; charset=utf-8","200","OK","Non-Indexable","Canonicalised","77","0,241","",""
"https://www.onlinepokerwebsites.com/news/","text/html; charset=utf-8","200","OK","Non-Indexable","Canonicalised","140","0,227","",""
"https://www.onlinepokerwebsites.com/responsible-gambling/","text/html; charset=utf-8","200","OK","Non-Indexable","Canonicalised","44","0,218","",""
"https://www.onlinepokerwebsites.com/guides/poker-bonuses-explained/","text/html; charset=utf-8","200","OK","Non-Indexable","Canonicalised","119","0,223","",""
"https://www.onlinepokerwebsites.com/_next/static/chunks/117-56189b2c667f7b85.js?dpl=dpl_MzgMbZCtmwSCwn1jhfoWPreUJPEv","application/javascript; charset=utf-8","200","OK","Indexable","","0","0,035","",""
"https://onlinepokerwebsites.com/guides/poker-bonuses-explained/","text/html","308","Permanent Redirect","Non-Indexable","Redirected","0","0,076","https://www.onlinepokerwebsites.com/guides/poker-bonuses-explained/","HTTP Redirect"
"https://onlinepokerwebsites.com/responsible-gambling/","text/html","308","Permanent Redirect","Non-Indexable","Redirected","0","0,073","https://www.onlinepokerwebsites.com/responsible-gambling/","HTTP Redirect"
"https://www.onlinepokerwebsites.com/guides/canada-online-poker/","text/html; charset=utf-8","200","OK","Non-Indexable","Canonicalised","110","0,214","",""
"https://www.onlinepokerwebsites.com/_next/static/chunks/polyfills-42372ed130431b0a.js?dpl=dpl_MzgMbZCtmwSCwn1jhfoWPreUJPEv","application/javascript; charset=utf-8","200","OK","Indexable","","0","0,235","",""
"https://onlinepokerwebsites.com/guides/canada-online-poker/","text/html","308","Permanent Redirect","Non-Indexable","Redirected","0","0,082","https://www.onlinepokerwebsites.com/guides/canada-online-poker/","HTTP Redirect"
"https://www.onlinepokerwebsites.com/_next/static/chunks/app/responsible-gambling/page-d8f009734e881c88.js?dpl=dpl_MzgMbZCtmwSCwn1jhfoWPreUJPEv","application/javascript; charset=utf-8","200","OK","Indexable","","0","0,203","",""
"https://www.onlinepokerwebsites.com/reviews/betonline-poker/","text/html; charset=utf-8","200","OK","Non-Indexable","Canonicalised","51","0,374","",""
"https://www.onlinepokerwebsites.com/news/sportsbetting-ag-poker-crossover-2026/","text/html; charset=utf-8","200","OK","Non-Indexable","Canonicalised","2","0,357","",""
"https://onlinepokerwebsites.com/reviews/betonline-poker/","text/html","308","Permanent Redirect","Non-Indexable","Redirected","0","0,161","https://www.onlinepokerwebsites.com/reviews/betonline-poker/","HTTP Redirect"
"https://www.onlinepokerwebsites.com/news/stablecoins-poker-bankrolls-mainstream-2026/","text/html; charset=utf-8","200","OK","Non-Indexable","Canonicalised","2","0,291","",""
"https://www.onlinepokerwebsites.com/news/acr-venom-2026-record-guarantees/","text/html; charset=utf-8","200","OK","Non-Indexable","Canonicalised","2","0,279","",""
"https://www.onlinepokerwebsites.com/news/chico-vs-winning-poker-network-2026/","text/html; charset=utf-8","200","OK","Non-Indexable","Canonicalised","2","0,297","",""
"https://www.onlinepokerwebsites.com/news/crypto-default-offshore-poker-2026/","text/html; charset=utf-8","200","OK","Non-Indexable","Canonicalised","2","0,218","",""
"https://www.onlinepokerwebsites.com/news/online-poker-tournament-guarantees-new-highs-2026/","text/html; charset=utf-8","200","OK","Non-Indexable","Canonicalised","2","0,214","",""
"https://www.onlinepokerwebsites.com/news/tigergaming-cash-game-room-spotlight-2026/","text/html; charset=utf-8","200","OK","Non-Indexable","Canonicalised","2","0,280","",""
"https://onlinepokerwebsites.com/news/","text/html","308","Permanent Redirect","Non-Indexable","Redirected","0","0,069","https://www.onlinepokerwebsites.com/news/","HTTP Redirect"
"https://www.onlinepokerwebsites.com/news/responsible-gambling-tools-improving-offshore-2026/","text/html; charset=utf-8","200","OK","Non-Indexable","Canonicalised","2","0,278","",""
"https://www.onlinepokerwebsites.com/news/how-to-read-poker-welcome-bonus-2026/","text/html; charset=utf-8","200","OK","Non-Indexable","Canonicalised","2","0,231","",""
"https://www.onlinepokerwebsites.com/news/solvers-gto-recreational-players-2026/","text/html; charset=utf-8","200","OK","Non-Indexable","Canonicalised","2","0,247","",""
"https://www.onlinepokerwebsites.com/news/black-chip-poker-rewards-explained-2026/","text/html; charset=utf-8","200","OK","Non-Indexable","Canonicalised","2","0,262","",""
"https://www.onlinepokerwebsites.com/news/ontario-regulated-poker-lessons-2026/","text/html; charset=utf-8","200","OK","Non-Indexable","Canonicalised","2","0,227","",""
"https://www.onlinepokerwebsites.com/news/first-online-poker-site-beginner-roadmap-2026/","text/html; charset=utf-8","200","OK","Non-Indexable","Canonicalised","2","0,223","",""
"https://www.onlinepokerwebsites.com/news/online-poker-bankroll-management-2026/","text/html; charset=utf-8","200","OK","Non-Indexable","Canonicalised","2","0,237","",""
"https://onlinepokerwebsites.com/reviews/americas-cardroom/","text/html","308","Permanent Redirect","Non-Indexable","Redirected","0","0,070","https://www.onlinepokerwebsites.com/reviews/americas-cardroom/","HTTP Redirect"
"https://onlinepokerwebsites.com/reviews/tigergaming/","text/html","308","Permanent Redirect","Non-Indexable","Redirected","0","0,072","https://www.onlinepokerwebsites.com/reviews/tigergaming/","HTTP Redirect"
"https://onlinepokerwebsites.com/reviews/black-chip-poker/","text/html","308","Permanent Redirect","Non-Indexable","Redirected","0","0,075","https://www.onlinepokerwebsites.com/reviews/black-chip-poker/","HTTP Redirect"
"https://www.onlinepokerwebsites.com/_next/static/chunks/app/news/page-0a62a8af3fa19ed4.js?dpl=dpl_MzgMbZCtmwSCwn1jhfoWPreUJPEv","application/javascript; charset=utf-8","200","OK","Indexable","","0","0,204","",""
"https://onlinepokerwebsites.com/guides/deposits-and-withdrawals/","text/html","308","Permanent Redirect","Non-Indexable","Redirected","0","0,078","https://www.onlinepokerwebsites.com/guides/deposits-and-withdrawals/","HTTP Redirect"
"https://www.onlinepokerwebsites.com/news/us-online-poker-2026-state-regulation-outlook/","text/html; charset=utf-8","200","OK","Non-Indexable","Canonicalised","2","0,247","",""
"https://onlinepokerwebsites.com/guides/how-to-choose-a-poker-site/","text/html","308","Permanent Redirect","Non-Indexable","Redirected","0","0,069","https://www.onlinepokerwebsites.com/guides/how-to-choose-a-poker-site/","HTTP Redirect"
"https://onlinepokerwebsites.com/about/","text/html","308","Permanent Redirect","Non-Indexable","Redirected","0","0,131","https://www.onlinepokerwebsites.com/about/","HTTP Redirect"
"https://onlinepokerwebsites.com/news/multi-tabling-online-poker-how-many-tables-2026/","text/html","308","Permanent Redirect","Non-Indexable","Redirected","0","0,066","https://www.onlinepokerwebsites.com/news/multi-tabling-online-poker-how-many-tables-2026/","HTTP Redirect"
"https://www.onlinepokerwebsites.com/_next/static/chunks/app/about/page-888d7454806a5e62.js?dpl=dpl_MzgMbZCtmwSCwn1jhfoWPreUJPEv","application/javascript; charset=utf-8","200","OK","Indexable","","0","0,206","",""
"https://onlinepokerwebsites.com/guides/us-poker-legality/","text/html","308","Permanent Redirect","Non-Indexable","Redirected","0","0,075","https://www.onlinepokerwebsites.com/guides/us-poker-legality/","HTTP Redirect"
"https://onlinepokerwebsites.com/news/poker-tournament-formats-explained-2026/","text/html","308","Permanent Redirect","Non-Indexable","Redirected","0","0,070","https://www.onlinepokerwebsites.com/news/poker-tournament-formats-explained-2026/","HTTP Redirect"
"https://www.onlinepokerwebsites.com/_next/static/chunks/app/guides/%5Bslug%5D/page-09a0e14b40d3f146.js?dpl=dpl_MzgMbZCtmwSCwn1jhfoWPreUJPEv","application/javascript; charset=utf-8","200","OK","Indexable","","0","0,216","",""
"https://onlinepokerwebsites.com/news/protecting-your-poker-account-security-2026/","text/html","308","Permanent Redirect","Non-Indexable","Redirected","0","0,214","https://www.onlinepokerwebsites.com/news/protecting-your-poker-account-security-2026/","HTTP Redirect"
"https://www.onlinepokerwebsites.com/_next/static/chunks/app/news/%5Bslug%5D/page-fa3c60c67074b721.js?dpl=dpl_MzgMbZCtmwSCwn1jhfoWPreUJPEv","application/javascript; charset=utf-8","200","OK","Indexable","","0","0,187","",""
"https://onlinepokerwebsites.com/reviews/sportsbetting-ag/","text/html","308","Permanent Redirect","Non-Indexable","Redirected","0","0,154","https://www.onlinepokerwebsites.com/reviews/sportsbetting-ag/","HTTP Redirect"
"https://onlinepokerwebsites.com/news/us-online-poker-2026-state-regulation-outlook/","text/html","308","Permanent Redirect","Non-Indexable","Redirected","0","0,070","https://www.onlinepokerwebsites.com/news/us-online-poker-2026-state-regulation-outlook/","HTTP Redirect"
"https://www.onlinepokerwebsites.com/news/vetting-offshore-poker-site-before-deposit-2026/","text/html; charset=utf-8","200","OK","Non-Indexable","Canonicalised","5","0,240","",""
"https://onlinepokerwebsites.com/news/online-poker-bankroll-management-2026/","text/html","308","Permanent Redirect","Non-Indexable","Redirected","0","0,069","https://www.onlinepokerwebsites.com/news/online-poker-bankroll-management-2026/","HTTP Redirect"
"https://onlinepokerwebsites.com/news/first-online-poker-site-beginner-roadmap-2026/","text/html","308","Permanent Redirect","Non-Indexable","Redirected","0","0,074","https://www.onlinepokerwebsites.com/news/first-online-poker-site-beginner-roadmap-2026/","HTTP Redirect"
"https://onlinepokerwebsites.com/news/ontario-regulated-poker-lessons-2026/","text/html","308","Permanent Redirect","Non-Indexable","Redirected","0","0,071","https://www.onlinepokerwebsites.com/news/ontario-regulated-poker-lessons-2026/","HTTP Redirect"
"https://onlinepokerwebsites.com/news/vetting-offshore-poker-site-before-deposit-2026/","text/html","308","Permanent Redirect","Non-Indexable","Redirected","0","0,077","https://www.onlinepokerwebsites.com/news/vetting-offshore-poker-site-before-deposit-2026/","HTTP Redirect"
"https://onlinepokerwebsites.com/news/black-chip-poker-rewards-explained-2026/","text/html","308","Permanent Redirect","Non-Indexable","Redirected","0","0,074","https://www.onlinepokerwebsites.com/news/black-chip-poker-rewards-explained-2026/","HTTP Redirect"
"https://onlinepokerwebsites.com/news/solvers-gto-recreational-players-2026/","text/html","308","Permanent Redirect","Non-Indexable","Redirected","0","0,069","https://www.onlinepokerwebsites.com/news/solvers-gto-recreational-players-2026/","HTTP Redirect"
"https://www.onlinepokerwebsites.com/_next/static/chunks/app/reviews/%5Bslug%5D/page-3fc6197812b25fb3.js?dpl=dpl_MzgMbZCtmwSCwn1jhfoWPreUJPEv","application/javascript; charset=utf-8","200","OK","Indexable","","0","0,231","",""
"https://onlinepokerwebsites.com/news/how-to-read-poker-welcome-bonus-2026/","text/html","308","Permanent Redirect","Non-Indexable","Redirected","0","0,080","https://www.onlinepokerwebsites.com/news/how-to-read-poker-welcome-bonus-2026/","HTTP Redirect"
"https://onlinepokerwebsites.com/news/responsible-gambling-tools-improving-offshore-2026/","text/html","308","Permanent Redirect","Non-Indexable","Redirected","0","0,072","https://www.onlinepokerwebsites.com/news/responsible-gambling-tools-improving-offshore-2026/","HTTP Redirect"
"https://onlinepokerwebsites.com/news/online-poker-tournament-guarantees-new-highs-2026/","text/html","308","Permanent Redirect","Non-Indexable","Redirected","0","0,076","https://www.onlinepokerwebsites.com/news/online-poker-tournament-guarantees-new-highs-2026/","HTTP Redirect"
"https://onlinepokerwebsites.com/news/tigergaming-cash-game-room-spotlight-2026/","text/html","308","Permanent Redirect","Non-Indexable","Redirected","0","0,087","https://www.onlinepokerwebsites.com/news/tigergaming-cash-game-room-spotlight-2026/","HTTP Redirect"
"https://onlinepokerwebsites.com/news/chico-vs-winning-poker-network-2026/","text/html","308","Permanent Redirect","Non-Indexable","Redirected","0","0,073","https://www.onlinepokerwebsites.com/news/chico-vs-winning-poker-network-2026/","HTTP Redirect"
"https://onlinepokerwebsites.com/news/acr-venom-2026-record-guarantees/","text/html","308","Permanent Redirect","Non-Indexable","Redirected","0","0,076","https://www.onlinepokerwebsites.com/news/acr-venom-2026-record-guarantees/","HTTP Redirect"
"https://onlinepokerwebsites.com/news/sportsbetting-ag-poker-crossover-2026/","text/html","308","Permanent Redirect","Non-Indexable","Redirected","0","0,068","https://www.onlinepokerwebsites.com/news/sportsbetting-ag-poker-crossover-2026/","HTTP Redirect"
"https://onlinepokerwebsites.com/news/stablecoins-poker-bankrolls-mainstream-2026/","text/html","308","Permanent Redirect","Non-Indexable","Redirected","0","0,081","https://www.onlinepokerwebsites.com/news/stablecoins-poker-bankrolls-mainstream-2026/","HTTP Redirect"
"https://onlinepokerwebsites.com/news/crypto-default-offshore-poker-2026/","text/html","308","Permanent Redirect","Non-Indexable","Redirected","0","0,142","https://www.onlinepokerwebsites.com/news/crypto-default-offshore-poker-2026/","HTTP Redirect"
