"Address","Content Type","Status Code","Status","Indexability","Indexability Status","Hash","Length","Canonical Link Element 1","URL Encoded Address"
"https://www.onlinepokerwebsites.com/","text/html; charset=utf-8","200","OK","Non-Indexable","Canonicalised","351532115532a1921dda557394cbb952","36","https://onlinepokerwebsites.com/","https://www.onlinepokerwebsites.com/"
"https://www.onlinepokerwebsites.com/_next/static/chunks/972-f708ded502b3627d.js?dpl=dpl_MzgMbZCtmwSCwn1jhfoWPreUJPEv","application/javascript; charset=utf-8","200","OK","Indexable","","","116","","https://www.onlinepokerwebsites.com/_next/static/chunks/972-f708ded502b3627d.js?dpl=dpl_MzgMbZCtmwSCwn1jhfoWPreUJPEv"
"https://www.onlinepokerwebsites.com/_next/static/chunks/app/page-12534985cea52c48.js?dpl=dpl_MzgMbZCtmwSCwn1jhfoWPreUJPEv","application/javascript; charset=utf-8","200","OK","Indexable","","","121","","https://www.onlinepokerwebsites.com/_next/static/chunks/app/page-12534985cea52c48.js?dpl=dpl_MzgMbZCtmwSCwn1jhfoWPreUJPEv"
"https://www.onlinepokerwebsites.com/reviews/sportsbetting-ag/","text/html; charset=utf-8","200","OK","Non-Indexable","Canonicalised","a7a931d27a499472ca0fb282480e1a86","61","https://onlinepokerwebsites.com/reviews/sportsbetting-ag/","https://www.onlinepokerwebsites.com/reviews/sportsbetting-ag/"
"https://www.onlinepokerwebsites.com/news/poker-tournament-formats-explained-2026/","text/html; charset=utf-8","200","OK","Non-Indexable","Canonicalised","e78d49380ed47864a9d2dbf3e4f4c8f6","81","https://onlinepokerwebsites.com/news/poker-tournament-formats-explained-2026/","https://www.onlinepokerwebsites.com/news/poker-tournament-formats-explained-2026/"
"https://www.onlinepokerwebsites.com/news/protecting-your-poker-account-security-2026/","text/html; charset=utf-8","200","OK","Non-Indexable","Canonicalised","934eab0e1745cae828538bfb6d2de3bc","85","https://onlinepokerwebsites.com/news/protecting-your-poker-account-security-2026/","https://www.onlinepokerwebsites.com/news/protecting-your-poker-account-security-2026/"
"https://www.onlinepokerwebsites.com/guides/us-poker-legality/","text/html; charset=utf-8","200","OK","Non-Indexable","Canonicalised","9fc4bd22709f38273caf3284eeec6f6","61","https://onlinepokerwebsites.com/guides/us-poker-legality/","https://www.onlinepokerwebsites.com/guides/us-poker-legality/"
"https://www.onlinepokerwebsites.com/_next/static/chunks/webpack-8658fdbc42bfbbae.js?dpl=dpl_MzgMbZCtmwSCwn1jhfoWPreUJPEv","application/javascript; charset=utf-8","200","OK","Indexable","","","120","","https://www.onlinepokerwebsites.com/_next/static/chunks/webpack-8658fdbc42bfbbae.js?dpl=dpl_MzgMbZCtmwSCwn1jhfoWPreUJPEv"
"https://www.onlinepokerwebsites.com/news/multi-tabling-online-poker-how-many-tables-2026/","text/html; charset=utf-8","200","OK","Non-Indexable","Canonicalised","c7342f561f382615ce2c4753401b680e","89","https://onlinepokerwebsites.com/news/multi-tabling-online-poker-how-many-tables-2026/","https://www.onlinepokerwebsites.com/news/multi-tabling-online-poker-how-many-tables-2026/"
"https://www.onlinepokerwebsites.com/_next/static/chunks/fd9d1056-aa94ea5c2eabf904.js?dpl=dpl_MzgMbZCtmwSCwn1jhfoWPreUJPEv","application/javascript; charset=utf-8","200","OK","Indexable","","","121","","https://www.onlinepokerwebsites.com/_next/static/chunks/fd9d1056-aa94ea5c2eabf904.js?dpl=dpl_MzgMbZCtmwSCwn1jhfoWPreUJPEv"
"https://www.onlinepokerwebsites.com/guides/how-to-choose-a-poker-site/","text/html; charset=utf-8","200","OK","Non-Indexable","Canonicalised","9544261a1a4ebd04fa13ca55b60e0daa","70","https://onlinepokerwebsites.com/guides/how-to-choose-a-poker-site/","https://www.onlinepokerwebsites.com/guides/how-to-choose-a-poker-site/"
"https://onlinepokerwebsites.com/","text/html","308","Permanent Redirect","Non-Indexable","Redirected","","32","","https://onlinepokerwebsites.com/"
"https://www.onlinepokerwebsites.com/_next/static/chunks/main-app-2dcde4753ea0d175.js?dpl=dpl_MzgMbZCtmwSCwn1jhfoWPreUJPEv","application/javascript; charset=utf-8","200","OK","Indexable","","","121","","https://www.onlinepokerwebsites.com/_next/static/chunks/main-app-2dcde4753ea0d175.js?dpl=dpl_MzgMbZCtmwSCwn1jhfoWPreUJPEv"
"https://www.onlinepokerwebsites.com/guides/deposits-and-withdrawals/","text/html; charset=utf-8","200","OK","Non-Indexable","Canonicalised","dab528f80f1f4e3e06b9b8518621b3d4","68","https://onlinepokerwebsites.com/guides/deposits-and-withdrawals/","https://www.onlinepokerwebsites.com/guides/deposits-and-withdrawals/"
"https://www.onlinepokerwebsites.com/about/","text/html; charset=utf-8","200","OK","Non-Indexable","Canonicalised","428da541311c0bd5aae2b7a0a4f1336f","42","https://onlinepokerwebsites.com/about/","https://www.onlinepokerwebsites.com/about/"
"https://www.onlinepokerwebsites.com/reviews/tigergaming/","text/html; charset=utf-8","200","OK","Non-Indexable","Canonicalised","29adddc9683afcd48fa97a37a5214693","56","https://onlinepokerwebsites.com/reviews/tigergaming/","https://www.onlinepokerwebsites.com/reviews/tigergaming/"
"https://www.onlinepokerwebsites.com/reviews/black-chip-poker/","text/html; charset=utf-8","200","OK","Non-Indexable","Canonicalised","42c7f351d187e27487f5045fd0a34df0","61","https://onlinepokerwebsites.com/reviews/black-chip-poker/","https://www.onlinepokerwebsites.com/reviews/black-chip-poker/"
"https://www.onlinepokerwebsites.com/_next/static/css/ac9e642a8cc62d1d.css?dpl=dpl_MzgMbZCtmwSCwn1jhfoWPreUJPEv","text/css; charset=utf-8","200","OK","Indexable","","","110","","https://www.onlinepokerwebsites.com/_next/static/css/ac9e642a8cc62d1d.css?dpl=dpl_MzgMbZCtmwSCwn1jhfoWPreUJPEv"
"https://www.onlinepokerwebsites.com/reviews/americas-cardroom/","text/html; charset=utf-8","200","OK","Non-Indexable","Canonicalised","8530ab746157ddc7e5e83e718a348b73","62","https://onlinepokerwebsites.com/reviews/americas-cardroom/","https://www.onlinepokerwebsites.com/reviews/americas-cardroom/"
"https://www.onlinepokerwebsites.com/news/","text/html; charset=utf-8","200","OK","Non-Indexable","Canonicalised","cce3d5c68146ceeac3c5cff9b7e6f66","41","https://onlinepokerwebsites.com/news/","https://www.onlinepokerwebsites.com/news/"
"https://www.onlinepokerwebsites.com/responsible-gambling/","text/html; charset=utf-8","200","OK","Non-Indexable","Canonicalised","e600611143ffb37c28e94052bd6a4c9","57","https://onlinepokerwebsites.com/responsible-gambling/","https://www.onlinepokerwebsites.com/responsible-gambling/"
"https://www.onlinepokerwebsites.com/guides/poker-bonuses-explained/","text/html; charset=utf-8","200","OK","Non-Indexable","Canonicalised","87af3437ec4a3be0dcb8a4ff728b032b","67","https://onlinepokerwebsites.com/guides/poker-bonuses-explained/","https://www.onlinepokerwebsites.com/guides/poker-bonuses-explained/"
"https://www.onlinepokerwebsites.com/_next/static/chunks/117-56189b2c667f7b85.js?dpl=dpl_MzgMbZCtmwSCwn1jhfoWPreUJPEv","application/javascript; charset=utf-8","200","OK","Indexable","","","116","","https://www.onlinepokerwebsites.com/_next/static/chunks/117-56189b2c667f7b85.js?dpl=dpl_MzgMbZCtmwSCwn1jhfoWPreUJPEv"
"https://onlinepokerwebsites.com/guides/poker-bonuses-explained/","text/html","308","Permanent Redirect","Non-Indexable","Redirected","","63","","https://onlinepokerwebsites.com/guides/poker-bonuses-explained/"
"https://onlinepokerwebsites.com/responsible-gambling/","text/html","308","Permanent Redirect","Non-Indexable","Redirected","","53","","https://onlinepokerwebsites.com/responsible-gambling/"
"https://www.onlinepokerwebsites.com/guides/canada-online-poker/","text/html; charset=utf-8","200","OK","Non-Indexable","Canonicalised","499166ef7bc4f602adc90b7b73a06278","63","https://onlinepokerwebsites.com/guides/canada-online-poker/","https://www.onlinepokerwebsites.com/guides/canada-online-poker/"
"https://www.onlinepokerwebsites.com/_next/static/chunks/polyfills-42372ed130431b0a.js?dpl=dpl_MzgMbZCtmwSCwn1jhfoWPreUJPEv","application/javascript; charset=utf-8","200","OK","Indexable","","","122","","https://www.onlinepokerwebsites.com/_next/static/chunks/polyfills-42372ed130431b0a.js?dpl=dpl_MzgMbZCtmwSCwn1jhfoWPreUJPEv"
"https://onlinepokerwebsites.com/guides/canada-online-poker/","text/html","308","Permanent Redirect","Non-Indexable","Redirected","","59","","https://onlinepokerwebsites.com/guides/canada-online-poker/"
"https://www.onlinepokerwebsites.com/_next/static/chunks/app/responsible-gambling/page-d8f009734e881c88.js?dpl=dpl_MzgMbZCtmwSCwn1jhfoWPreUJPEv","application/javascript; charset=utf-8","200","OK","Indexable","","","142","","https://www.onlinepokerwebsites.com/_next/static/chunks/app/responsible-gambling/page-d8f009734e881c88.js?dpl=dpl_MzgMbZCtmwSCwn1jhfoWPreUJPEv"
"https://www.onlinepokerwebsites.com/reviews/betonline-poker/","text/html; charset=utf-8","200","OK","Non-Indexable","Canonicalised","53eb7dbfa594897c1a2111cbeb0da1cc","60","https://onlinepokerwebsites.com/reviews/betonline-poker/","https://www.onlinepokerwebsites.com/reviews/betonline-poker/"
"https://www.onlinepokerwebsites.com/news/sportsbetting-ag-poker-crossover-2026/","text/html; charset=utf-8","200","OK","Non-Indexable","Canonicalised","4c24787463926abc13d519281431e2e1","79","https://onlinepokerwebsites.com/news/sportsbetting-ag-poker-crossover-2026/","https://www.onlinepokerwebsites.com/news/sportsbetting-ag-poker-crossover-2026/"
"https://onlinepokerwebsites.com/reviews/betonline-poker/","text/html","308","Permanent Redirect","Non-Indexable","Redirected","","56","","https://onlinepokerwebsites.com/reviews/betonline-poker/"
"https://www.onlinepokerwebsites.com/news/stablecoins-poker-bankrolls-mainstream-2026/","text/html; charset=utf-8","200","OK","Non-Indexable","Canonicalised","47e66cbcb06126c8422749b51e9f5a7d","85","https://onlinepokerwebsites.com/news/stablecoins-poker-bankrolls-mainstream-2026/","https://www.onlinepokerwebsites.com/news/stablecoins-poker-bankrolls-mainstream-2026/"
"https://www.onlinepokerwebsites.com/news/acr-venom-2026-record-guarantees/","text/html; charset=utf-8","200","OK","Non-Indexable","Canonicalised","8f44d811fc1b3f9146e2d0db3d35095f","74","https://onlinepokerwebsites.com/news/acr-venom-2026-record-guarantees/","https://www.onlinepokerwebsites.com/news/acr-venom-2026-record-guarantees/"
"https://www.onlinepokerwebsites.com/news/chico-vs-winning-poker-network-2026/","text/html; charset=utf-8","200","OK","Non-Indexable","Canonicalised","ffae13104b00791054ce4fa2f38ca07b","77","https://onlinepokerwebsites.com/news/chico-vs-winning-poker-network-2026/","https://www.onlinepokerwebsites.com/news/chico-vs-winning-poker-network-2026/"
"https://www.onlinepokerwebsites.com/news/crypto-default-offshore-poker-2026/","text/html; charset=utf-8","200","OK","Non-Indexable","Canonicalised","59379ed3a5139dfbdc4b4964e37abe40","76","https://onlinepokerwebsites.com/news/crypto-default-offshore-poker-2026/","https://www.onlinepokerwebsites.com/news/crypto-default-offshore-poker-2026/"
"https://www.onlinepokerwebsites.com/news/online-poker-tournament-guarantees-new-highs-2026/","text/html; charset=utf-8","200","OK","Non-Indexable","Canonicalised","cdafd184cf1dc2da1a14ab5db54e1f36","91","https://onlinepokerwebsites.com/news/online-poker-tournament-guarantees-new-highs-2026/","https://www.onlinepokerwebsites.com/news/online-poker-tournament-guarantees-new-highs-2026/"
"https://www.onlinepokerwebsites.com/news/tigergaming-cash-game-room-spotlight-2026/","text/html; charset=utf-8","200","OK","Non-Indexable","Canonicalised","14c0f5b3add755de56e6738462a8ebbc","83","https://onlinepokerwebsites.com/news/tigergaming-cash-game-room-spotlight-2026/","https://www.onlinepokerwebsites.com/news/tigergaming-cash-game-room-spotlight-2026/"
"https://onlinepokerwebsites.com/news/","text/html","308","Permanent Redirect","Non-Indexable","Redirected","","37","","https://onlinepokerwebsites.com/news/"
"https://www.onlinepokerwebsites.com/news/responsible-gambling-tools-improving-offshore-2026/","text/html; charset=utf-8","200","OK","Non-Indexable","Canonicalised","c44cb7cb484141bca965a208dbcfeb21","92","https://onlinepokerwebsites.com/news/responsible-gambling-tools-improving-offshore-2026/","https://www.onlinepokerwebsites.com/news/responsible-gambling-tools-improving-offshore-2026/"
"https://www.onlinepokerwebsites.com/news/how-to-read-poker-welcome-bonus-2026/","text/html; charset=utf-8","200","OK","Non-Indexable","Canonicalised","504bb855ac8e6b480a546980deb28275","78","https://onlinepokerwebsites.com/news/how-to-read-poker-welcome-bonus-2026/","https://www.onlinepokerwebsites.com/news/how-to-read-poker-welcome-bonus-2026/"
"https://www.onlinepokerwebsites.com/news/solvers-gto-recreational-players-2026/","text/html; charset=utf-8","200","OK","Non-Indexable","Canonicalised","54f5e202da42c165c60f9353f1518106","79","https://onlinepokerwebsites.com/news/solvers-gto-recreational-players-2026/","https://www.onlinepokerwebsites.com/news/solvers-gto-recreational-players-2026/"
"https://www.onlinepokerwebsites.com/news/black-chip-poker-rewards-explained-2026/","text/html; charset=utf-8","200","OK","Non-Indexable","Canonicalised","d6a337678ddad1d143571a3ae4f39373","81","https://onlinepokerwebsites.com/news/black-chip-poker-rewards-explained-2026/","https://www.onlinepokerwebsites.com/news/black-chip-poker-rewards-explained-2026/"
"https://www.onlinepokerwebsites.com/news/ontario-regulated-poker-lessons-2026/","text/html; charset=utf-8","200","OK","Non-Indexable","Canonicalised","752b404bdd4d631924102941f811d5c8","78","https://onlinepokerwebsites.com/news/ontario-regulated-poker-lessons-2026/","https://www.onlinepokerwebsites.com/news/ontario-regulated-poker-lessons-2026/"
"https://www.onlinepokerwebsites.com/news/first-online-poker-site-beginner-roadmap-2026/","text/html; charset=utf-8","200","OK","Non-Indexable","Canonicalised","a308d188e04d19640157533631d82a52","87","https://onlinepokerwebsites.com/news/first-online-poker-site-beginner-roadmap-2026/","https://www.onlinepokerwebsites.com/news/first-online-poker-site-beginner-roadmap-2026/"
"https://www.onlinepokerwebsites.com/news/online-poker-bankroll-management-2026/","text/html; charset=utf-8","200","OK","Non-Indexable","Canonicalised","4ac3ab6aba4b6e2964d449517dcbfbe3","79","https://onlinepokerwebsites.com/news/online-poker-bankroll-management-2026/","https://www.onlinepokerwebsites.com/news/online-poker-bankroll-management-2026/"
"https://onlinepokerwebsites.com/reviews/americas-cardroom/","text/html","308","Permanent Redirect","Non-Indexable","Redirected","","58","","https://onlinepokerwebsites.com/reviews/americas-cardroom/"
"https://onlinepokerwebsites.com/reviews/tigergaming/","text/html","308","Permanent Redirect","Non-Indexable","Redirected","","52","","https://onlinepokerwebsites.com/reviews/tigergaming/"
"https://onlinepokerwebsites.com/reviews/black-chip-poker/","text/html","308","Permanent Redirect","Non-Indexable","Redirected","","57","","https://onlinepokerwebsites.com/reviews/black-chip-poker/"
"https://www.onlinepokerwebsites.com/_next/static/chunks/app/news/page-0a62a8af3fa19ed4.js?dpl=dpl_MzgMbZCtmwSCwn1jhfoWPreUJPEv","application/javascript; charset=utf-8","200","OK","Indexable","","","126","","https://www.onlinepokerwebsites.com/_next/static/chunks/app/news/page-0a62a8af3fa19ed4.js?dpl=dpl_MzgMbZCtmwSCwn1jhfoWPreUJPEv"
"https://onlinepokerwebsites.com/guides/deposits-and-withdrawals/","text/html","308","Permanent Redirect","Non-Indexable","Redirected","","64","","https://onlinepokerwebsites.com/guides/deposits-and-withdrawals/"
"https://www.onlinepokerwebsites.com/news/us-online-poker-2026-state-regulation-outlook/","text/html; charset=utf-8","200","OK","Non-Indexable","Canonicalised","915e8a54e80089375da3b193912143d0","87","https://onlinepokerwebsites.com/news/us-online-poker-2026-state-regulation-outlook/","https://www.onlinepokerwebsites.com/news/us-online-poker-2026-state-regulation-outlook/"
"https://onlinepokerwebsites.com/guides/how-to-choose-a-poker-site/","text/html","308","Permanent Redirect","Non-Indexable","Redirected","","66","","https://onlinepokerwebsites.com/guides/how-to-choose-a-poker-site/"
"https://onlinepokerwebsites.com/about/","text/html","308","Permanent Redirect","Non-Indexable","Redirected","","38","","https://onlinepokerwebsites.com/about/"
"https://onlinepokerwebsites.com/news/multi-tabling-online-poker-how-many-tables-2026/","text/html","308","Permanent Redirect","Non-Indexable","Redirected","","85","","https://onlinepokerwebsites.com/news/multi-tabling-online-poker-how-many-tables-2026/"
"https://www.onlinepokerwebsites.com/_next/static/chunks/app/about/page-888d7454806a5e62.js?dpl=dpl_MzgMbZCtmwSCwn1jhfoWPreUJPEv","application/javascript; charset=utf-8","200","OK","Indexable","","","127","","https://www.onlinepokerwebsites.com/_next/static/chunks/app/about/page-888d7454806a5e62.js?dpl=dpl_MzgMbZCtmwSCwn1jhfoWPreUJPEv"
"https://onlinepokerwebsites.com/guides/us-poker-legality/","text/html","308","Permanent Redirect","Non-Indexable","Redirected","","57","","https://onlinepokerwebsites.com/guides/us-poker-legality/"
"https://onlinepokerwebsites.com/news/poker-tournament-formats-explained-2026/","text/html","308","Permanent Redirect","Non-Indexable","Redirected","","77","","https://onlinepokerwebsites.com/news/poker-tournament-formats-explained-2026/"
"https://www.onlinepokerwebsites.com/_next/static/chunks/app/guides/%5Bslug%5D/page-09a0e14b40d3f146.js?dpl=dpl_MzgMbZCtmwSCwn1jhfoWPreUJPEv","application/javascript; charset=utf-8","200","OK","Indexable","","","139","","https://www.onlinepokerwebsites.com/_next/static/chunks/app/guides/%5Bslug%5D/page-09a0e14b40d3f146.js?dpl=dpl_MzgMbZCtmwSCwn1jhfoWPreUJPEv"
"https://onlinepokerwebsites.com/news/protecting-your-poker-account-security-2026/","text/html","308","Permanent Redirect","Non-Indexable","Redirected","","81","","https://onlinepokerwebsites.com/news/protecting-your-poker-account-security-2026/"
"https://www.onlinepokerwebsites.com/_next/static/chunks/app/news/%5Bslug%5D/page-fa3c60c67074b721.js?dpl=dpl_MzgMbZCtmwSCwn1jhfoWPreUJPEv","application/javascript; charset=utf-8","200","OK","Indexable","","","137","","https://www.onlinepokerwebsites.com/_next/static/chunks/app/news/%5Bslug%5D/page-fa3c60c67074b721.js?dpl=dpl_MzgMbZCtmwSCwn1jhfoWPreUJPEv"
"https://onlinepokerwebsites.com/reviews/sportsbetting-ag/","text/html","308","Permanent Redirect","Non-Indexable","Redirected","","57","","https://onlinepokerwebsites.com/reviews/sportsbetting-ag/"
"https://onlinepokerwebsites.com/news/us-online-poker-2026-state-regulation-outlook/","text/html","308","Permanent Redirect","Non-Indexable","Redirected","","83","","https://onlinepokerwebsites.com/news/us-online-poker-2026-state-regulation-outlook/"
"https://www.onlinepokerwebsites.com/news/vetting-offshore-poker-site-before-deposit-2026/","text/html; charset=utf-8","200","OK","Non-Indexable","Canonicalised","e058e0abff719f5fbfef8e01c5adb45f","89","https://onlinepokerwebsites.com/news/vetting-offshore-poker-site-before-deposit-2026/","https://www.onlinepokerwebsites.com/news/vetting-offshore-poker-site-before-deposit-2026/"
"https://onlinepokerwebsites.com/news/online-poker-bankroll-management-2026/","text/html","308","Permanent Redirect","Non-Indexable","Redirected","","75","","https://onlinepokerwebsites.com/news/online-poker-bankroll-management-2026/"
"https://onlinepokerwebsites.com/news/first-online-poker-site-beginner-roadmap-2026/","text/html","308","Permanent Redirect","Non-Indexable","Redirected","","83","","https://onlinepokerwebsites.com/news/first-online-poker-site-beginner-roadmap-2026/"
"https://onlinepokerwebsites.com/news/ontario-regulated-poker-lessons-2026/","text/html","308","Permanent Redirect","Non-Indexable","Redirected","","74","","https://onlinepokerwebsites.com/news/ontario-regulated-poker-lessons-2026/"
"https://onlinepokerwebsites.com/news/vetting-offshore-poker-site-before-deposit-2026/","text/html","308","Permanent Redirect","Non-Indexable","Redirected","","85","","https://onlinepokerwebsites.com/news/vetting-offshore-poker-site-before-deposit-2026/"
"https://onlinepokerwebsites.com/news/black-chip-poker-rewards-explained-2026/","text/html","308","Permanent Redirect","Non-Indexable","Redirected","","77","","https://onlinepokerwebsites.com/news/black-chip-poker-rewards-explained-2026/"
"https://onlinepokerwebsites.com/news/solvers-gto-recreational-players-2026/","text/html","308","Permanent Redirect","Non-Indexable","Redirected","","75","","https://onlinepokerwebsites.com/news/solvers-gto-recreational-players-2026/"
"https://www.onlinepokerwebsites.com/_next/static/chunks/app/reviews/%5Bslug%5D/page-3fc6197812b25fb3.js?dpl=dpl_MzgMbZCtmwSCwn1jhfoWPreUJPEv","application/javascript; charset=utf-8","200","OK","Indexable","","","140","","https://www.onlinepokerwebsites.com/_next/static/chunks/app/reviews/%5Bslug%5D/page-3fc6197812b25fb3.js?dpl=dpl_MzgMbZCtmwSCwn1jhfoWPreUJPEv"
"https://onlinepokerwebsites.com/news/how-to-read-poker-welcome-bonus-2026/","text/html","308","Permanent Redirect","Non-Indexable","Redirected","","74","","https://onlinepokerwebsites.com/news/how-to-read-poker-welcome-bonus-2026/"
"https://onlinepokerwebsites.com/news/responsible-gambling-tools-improving-offshore-2026/","text/html","308","Permanent Redirect","Non-Indexable","Redirected","","88","","https://onlinepokerwebsites.com/news/responsible-gambling-tools-improving-offshore-2026/"
"https://onlinepokerwebsites.com/news/online-poker-tournament-guarantees-new-highs-2026/","text/html","308","Permanent Redirect","Non-Indexable","Redirected","","87","","https://onlinepokerwebsites.com/news/online-poker-tournament-guarantees-new-highs-2026/"
"https://onlinepokerwebsites.com/news/tigergaming-cash-game-room-spotlight-2026/","text/html","308","Permanent Redirect","Non-Indexable","Redirected","","79","","https://onlinepokerwebsites.com/news/tigergaming-cash-game-room-spotlight-2026/"
"https://onlinepokerwebsites.com/news/chico-vs-winning-poker-network-2026/","text/html","308","Permanent Redirect","Non-Indexable","Redirected","","73","","https://onlinepokerwebsites.com/news/chico-vs-winning-poker-network-2026/"
"https://onlinepokerwebsites.com/news/acr-venom-2026-record-guarantees/","text/html","308","Permanent Redirect","Non-Indexable","Redirected","","70","","https://onlinepokerwebsites.com/news/acr-venom-2026-record-guarantees/"
"https://onlinepokerwebsites.com/news/sportsbetting-ag-poker-crossover-2026/","text/html","308","Permanent Redirect","Non-Indexable","Redirected","","75","","https://onlinepokerwebsites.com/news/sportsbetting-ag-poker-crossover-2026/"
"https://onlinepokerwebsites.com/news/stablecoins-poker-bankrolls-mainstream-2026/","text/html","308","Permanent Redirect","Non-Indexable","Redirected","","81","","https://onlinepokerwebsites.com/news/stablecoins-poker-bankrolls-mainstream-2026/"
"https://onlinepokerwebsites.com/news/crypto-default-offshore-poker-2026/","text/html","308","Permanent Redirect","Non-Indexable","Redirected","","72","","https://onlinepokerwebsites.com/news/crypto-default-offshore-poker-2026/"
